cell_type,louvain,region,n_cells,n_animals,age_min,age_max,pca_shape,pc1_std,pc2_std,mean_l2norm
GABAergic-neurons,0,ACC,3492,50,3.17,20.81,"(3492, 50)",1.2685,1.2052,16.281
GABAergic-neurons,1,ACC,2729,50,3.17,20.81,"(2729, 50)",1.8167,1.1977,16.8391
GABAergic-neurons,2,ACC,6399,51,3.17,20.81,"(6399, 50)",2.1321,1.4241,14.0213
GABAergic-neurons,3,ACC,7913,50,3.17,20.81,"(7913, 50)",1.6336,1.2526,13.2551
GABAergic-neurons,4,ACC,116,37,3.17,20.81,"(116, 50)",1.9614,1.3615,12.5514
GABAergic-neurons,6,ACC,384,50,3.17,20.81,"(384, 50)",1.4017,1.1644,19.4196
GABAergic-neurons,10,ACC,735,50,3.17,20.81,"(735, 50)",2.9526,2.2214,14.1158
GABAergic-neurons,11,ACC,4105,51,3.17,20.81,"(4105, 50)",1.5436,1.293,12.2756
GABAergic-neurons,13,ACC,5210,50,3.17,20.81,"(5210, 50)",1.3477,1.6021,14.4549
GABAergic-neurons,14,ACC,3964,50,3.17,20.81,"(3964, 50)",1.377,2.2783,16.4562
GABAergic-neurons,15,ACC,3752,51,3.17,20.81,"(3752, 50)",1.3273,2.3345,16.1965
GABAergic-neurons,16,ACC,3421,50,3.17,20.81,"(3421, 50)",1.503,1.3896,15.928
GABAergic-neurons,17,ACC,3871,50,3.17,20.81,"(3871, 50)",1.5019,2.6428,14.9117
GABAergic-neurons,18,ACC,8125,50,3.17,20.81,"(8125, 50)",1.6796,0.9073,15.3485
GABAergic-neurons,19,ACC,2053,50,3.17,20.81,"(2053, 50)",1.4885,1.4587,14.5009
GABAergic-neurons,20,ACC,4511,50,3.17,20.81,"(4511, 50)",1.6495,0.9852,15.3045
GABAergic-neurons,21,ACC,2453,50,3.17,20.81,"(2453, 50)",1.2181,1.2983,15.0665
GABAergic-neurons,22,ACC,6233,50,3.17,20.81,"(6233, 50)",1.243,1.2862,15.4325
GABAergic-neurons,23,ACC,2417,50,3.17,20.81,"(2417, 50)",1.5794,1.176,15.1014
GABAergic-neurons,24,ACC,1231,50,3.17,20.81,"(1231, 50)",1.2309,1.3691,15.0824
GABAergic-neurons,25,ACC,6169,50,3.17,20.81,"(6169, 50)",1.3095,1.4558,14.7206
GABAergic-neurons,4,CN,1400,51,3.17,20.81,"(1400, 50)",1.4138,1.6952,16.8815
GABAergic-neurons,5,CN,878,51,3.17,20.81,"(878, 50)",1.2644,2.0731,26.3128
GABAergic-neurons,6,CN,1567,50,3.17,20.81,"(1567, 50)",1.3729,1.7593,23.3133
GABAergic-neurons,7,CN,6138,51,3.17,20.81,"(6138, 50)",2.2681,2.3434,20.4339
GABAergic-neurons,8,CN,115,39,3.18,17.93,"(115, 50)",3.4686,3.3386,31.9298
GABAergic-neurons,0,EC,1054,52,3.17,20.81,"(1054, 50)",1.5743,1.803,16.9813
GABAergic-neurons,1,EC,1133,52,3.17,20.81,"(1133, 50)",1.9361,1.7865,16.947
GABAergic-neurons,2,EC,1330,52,3.17,20.81,"(1330, 50)",2.2361,1.6979,14.7477
GABAergic-neurons,3,EC,2055,52,3.17,20.81,"(2055, 50)",2.3904,1.9275,14.1516
GABAergic-neurons,4,EC,1995,52,3.17,20.81,"(1995, 50)",1.6578,1.698,15.6263
GABAergic-neurons,6,EC,210,50,3.17,20.81,"(210, 50)",1.53,1.3688,19.5102
GABAergic-neurons,7,EC,122,39,3.17,20.81,"(122, 50)",2.1678,2.305,14.9177
GABAergic-neurons,8,EC,665,52,3.17,20.81,"(665, 50)",4.6481,3.4202,28.2592
GABAergic-neurons,10,EC,615,52,3.17,20.81,"(615, 50)",2.9011,1.8645,15.3182
GABAergic-neurons,11,EC,733,52,3.17,20.81,"(733, 50)",2.1969,1.6858,13.3945
GABAergic-neurons,13,EC,915,51,3.17,20.81,"(915, 50)",1.6593,1.605,15.8359
GABAergic-neurons,14,EC,1528,52,3.17,20.81,"(1528, 50)",1.4686,3.1869,16.7964
GABAergic-neurons,15,EC,1309,52,3.17,20.81,"(1309, 50)",1.4862,3.1399,16.8911
GABAergic-neurons,16,EC,666,52,3.17,20.81,"(666, 50)",1.4545,1.7908,16.399
GABAergic-neurons,17,EC,1532,52,3.17,20.81,"(1532, 50)",1.6269,3.2265,16.1278
GABAergic-neurons,18,EC,1840,52,3.17,20.81,"(1840, 50)",1.8531,1.0744,17.0117
GABAergic-neurons,19,EC,448,52,3.17,20.81,"(448, 50)",1.3802,1.6397,15.425
GABAergic-neurons,20,EC,833,52,3.17,20.81,"(833, 50)",1.8088,1.2669,16.0547
GABAergic-neurons,21,EC,446,49,3.17,20.81,"(446, 50)",1.634,1.9928,15.6316
GABAergic-neurons,22,EC,631,52,3.17,20.81,"(631, 50)",1.5287,1.3248,15.4603
GABAergic-neurons,23,EC,889,52,3.17,20.81,"(889, 50)",1.8678,1.5353,15.4791
GABAergic-neurons,24,EC,355,51,3.17,20.81,"(355, 50)",1.644,2.1171,15.2795
GABAergic-neurons,25,EC,2198,52,3.17,20.81,"(2198, 50)",1.9516,1.4427,14.7863
GABAergic-neurons,0,HIP,537,52,3.17,20.81,"(537, 50)",1.6412,1.6241,16.1471
GABAergic-neurons,1,HIP,2233,52,3.17,20.81,"(2233, 50)",1.5825,1.6253,15.8413
GABAergic-neurons,2,HIP,523,50,3.17,20.81,"(523, 50)",2.3086,1.5531,13.9247
GABAergic-neurons,3,HIP,249,48,3.17,20.81,"(249, 50)",2.149,1.6914,13.523
GABAergic-neurons,4,HIP,499,51,3.17,20.81,"(499, 50)",2.1388,1.5395,14.8456
GABAergic-neurons,7,HIP,211,29,3.17,20.81,"(211, 50)",2.314,2.2539,20.3254
GABAergic-neurons,8,HIP,983,52,3.17,20.81,"(983, 50)",3.4386,3.5782,27.6856
GABAergic-neurons,9,HIP,1867,52,3.17,20.81,"(1867, 50)",2.3388,2.2307,14.9763
GABAergic-neurons,10,HIP,595,52,3.17,20.81,"(595, 50)",2.4083,1.8681,17.2237
GABAergic-neurons,11,HIP,458,52,3.17,20.81,"(458, 50)",2.3978,1.6804,13.7039
GABAergic-neurons,13,HIP,309,49,3.17,20.81,"(309, 50)",1.7444,1.8383,15.3013
GABAergic-neurons,14,HIP,2174,52,3.17,20.81,"(2174, 50)",1.4246,2.8139,16.4258
GABAergic-neurons,15,HIP,722,52,3.17,20.81,"(722, 50)",1.3388,2.8241,16.2896
GABAergic-neurons,16,HIP,257,47,3.17,20.81,"(257, 50)",1.5805,1.6366,16.4892
GABAergic-neurons,17,HIP,1052,51,3.17,20.81,"(1052, 50)",1.6566,2.9127,15.8571
GABAergic-neurons,18,HIP,1454,52,3.17,20.81,"(1454, 50)",2.0093,0.9328,15.6192
GABAergic-neurons,19,HIP,175,46,3.17,20.81,"(175, 50)",1.5073,1.5102,14.5131
GABAergic-neurons,20,HIP,800,52,3.17,20.81,"(800, 50)",1.7126,1.0993,15.2048
GABAergic-neurons,21,HIP,168,41,3.17,20.81,"(168, 50)",1.4253,1.4436,14.715
GABAergic-neurons,22,HIP,359,48,3.17,20.81,"(359, 50)",1.4748,1.1901,15.0547
GABAergic-neurons,23,HIP,1007,52,3.17,20.81,"(1007, 50)",1.7704,1.1442,15.7306
GABAergic-neurons,24,HIP,197,45,3.17,20.81,"(197, 50)",1.5353,1.7478,15.4708
GABAergic-neurons,25,HIP,570,52,3.17,20.81,"(570, 50)",1.8532,1.4197,13.8246
GABAergic-neurons,0,IPP,9155,53,3.17,20.81,"(9155, 50)",1.2212,1.143,15.3601
GABAergic-neurons,1,IPP,3620,52,3.17,20.81,"(3620, 50)",1.7319,1.1197,16.7019
GABAergic-neurons,2,IPP,11941,53,3.17,20.81,"(11941, 50)",2.1041,1.4134,14.0169
GABAergic-neurons,3,IPP,20683,53,3.17,20.81,"(20683, 50)",1.7167,1.2524,13.4473
GABAergic-neurons,4,IPP,188,37,3.17,20.81,"(188, 50)",1.7988,1.7613,13.5018
GABAergic-neurons,6,IPP,192,41,3.17,20.81,"(192, 50)",1.3764,1.5178,17.9543
GABAergic-neurons,8,IPP,758,47,3.17,20.81,"(758, 50)",4.5335,4.3177,19.8601
GABAergic-neurons,10,IPP,5126,52,3.17,20.81,"(5126, 50)",2.9169,2.1822,14.2185
GABAergic-neurons,11,IPP,25354,53,3.17,20.81,"(25354, 50)",1.4678,1.1583,12.8937
GABAergic-neurons,13,IPP,21587,53,3.17,20.81,"(21587, 50)",1.3339,1.5177,14.1021
GABAergic-neurons,14,IPP,10386,53,3.17,20.81,"(10386, 50)",1.3482,2.2101,16.3454
GABAergic-neurons,15,IPP,13884,53,3.17,20.81,"(13884, 50)",1.3033,2.4156,16.2533
GABAergic-neurons,16,IPP,8338,53,3.17,20.81,"(8338, 50)",1.471,1.3182,15.9464
GABAergic-neurons,17,IPP,10415,53,3.17,20.81,"(10415, 50)",1.4469,2.4735,14.632
GABAergic-neurons,18,IPP,23310,53,3.17,20.81,"(23310, 50)",1.6282,0.903,14.7136
GABAergic-neurons,19,IPP,7049,53,3.17,20.81,"(7049, 50)",1.4793,1.3873,14.3025
GABAergic-neurons,20,IPP,16897,53,3.17,20.81,"(16897, 50)",1.5555,0.9769,15.3692
GABAergic-neurons,21,IPP,6118,52,3.17,20.81,"(6118, 50)",1.2037,1.2476,14.7695
GABAergic-neurons,22,IPP,13154,53,3.17,20.81,"(13154, 50)",1.26,1.3928,14.5663
GABAergic-neurons,23,IPP,5645,52,3.17,20.81,"(5645, 50)",1.526,1.1547,15.109
GABAergic-neurons,24,IPP,4062,52,3.17,20.81,"(4062, 50)",1.1756,1.3835,14.8055
GABAergic-neurons,25,IPP,22705,53,3.17,20.81,"(22705, 50)",1.33,1.42,14.5396
GABAergic-neurons,0,M1,1714,52,3.17,20.81,"(1714, 50)",1.2716,1.2077,16.922
GABAergic-neurons,1,M1,753,52,3.17,20.81,"(753, 50)",1.9284,1.3415,17.4522
GABAergic-neurons,2,M1,2675,52,3.17,20.81,"(2675, 50)",2.1358,1.4995,15.0432
GABAergic-neurons,3,M1,4017,52,3.17,20.81,"(4017, 50)",1.6802,1.2701,14.4097
GABAergic-neurons,6,M1,189,49,3.17,20.81,"(189, 50)",1.343,0.9554,21.3854
GABAergic-neurons,8,M1,255,50,3.17,20.81,"(255, 50)",4.6421,3.4337,20.7667
GABAergic-neurons,10,M1,475,52,3.17,20.81,"(475, 50)",3.3971,2.359,15.1969
GABAergic-neurons,11,M1,5315,52,3.17,20.81,"(5315, 50)",1.9207,1.6204,14.6902
GABAergic-neurons,13,M1,2428,52,3.17,20.81,"(2428, 50)",1.5164,1.7964,15.0187
GABAergic-neurons,14,M1,1893,52,3.17,20.81,"(1893, 50)",1.3632,2.5277,17.5777
GABAergic-neurons,15,M1,2827,52,3.17,20.81,"(2827, 50)",1.3287,2.7873,18.2191
GABAergic-neurons,16,M1,1467,52,3.17,20.81,"(1467, 50)",1.5762,1.4508,17.4998
GABAergic-neurons,17,M1,1776,52,3.17,20.81,"(1776, 50)",1.5585,2.7405,16.186
GABAergic-neurons,18,M1,3431,52,3.17,20.81,"(3431, 50)",1.7689,0.957,16.6496
GABAergic-neurons,19,M1,1370,52,3.17,20.81,"(1370, 50)",1.4795,1.5892,16.1497
GABAergic-neurons,20,M1,2363,52,3.17,20.81,"(2363, 50)",1.7425,1.0688,16.8958
GABAergic-neurons,21,M1,908,52,3.17,20.81,"(908, 50)",1.1986,1.3523,15.5776
GABAergic-neurons,22,M1,2342,52,3.17,20.81,"(2342, 50)",1.3338,1.5335,15.3986
GABAergic-neurons,23,M1,1012,52,3.17,20.81,"(1012, 50)",1.626,1.2537,16.1485
GABAergic-neurons,24,M1,620,52,3.17,20.81,"(620, 50)",1.313,1.4723,15.9261
GABAergic-neurons,25,M1,2367,52,3.17,20.81,"(2367, 50)",1.4163,1.5305,15.6232
GABAergic-neurons,0,NAc,136,33,3.17,20.81,"(136, 50)",1.3705,1.4394,17.5939
GABAergic-neurons,1,NAc,175,34,3.17,20.81,"(175, 50)",1.9438,1.5111,17.3356
GABAergic-neurons,2,NAc,168,18,3.18,19.93,"(168, 50)",2.3755,1.7912,15.6657
GABAergic-neurons,3,NAc,320,34,3.17,20.81,"(320, 50)",2.0288,1.701,14.1078
GABAergic-neurons,4,NAc,32398,51,3.17,20.81,"(32398, 50)",1.4335,1.4157,14.7262
GABAergic-neurons,5,NAc,2431,51,3.17,20.81,"(2431, 50)",1.2429,2.0041,24.3624
GABAergic-neurons,6,NAc,1129,52,3.17,20.81,"(1129, 50)",1.161,1.0545,18.9776
GABAergic-neurons,7,NAc,3077,51,3.17,20.81,"(3077, 50)",2.4497,2.4129,19.1139
GABAergic-neurons,13,NAc,129,19,3.17,19.93,"(129, 50)",1.4575,1.6433,16.5891
GABAergic-neurons,14,NAc,393,50,3.17,20.81,"(393, 50)",1.4687,2.7532,16.3766
GABAergic-neurons,15,NAc,270,47,3.17,20.81,"(270, 50)",1.2172,2.8231,16.7433
GABAergic-neurons,16,NAc,115,22,3.17,19.93,"(115, 50)",1.3903,1.577,17.1051
GABAergic-neurons,17,NAc,126,28,3.18,20.81,"(126, 50)",1.4626,2.7626,16.3837
GABAergic-neurons,18,NAc,291,32,3.17,19.93,"(291, 50)",1.6394,0.941,17.022
GABAergic-neurons,20,NAc,130,20,3.17,19.93,"(130, 50)",1.7569,1.0454,16.6452
GABAergic-neurons,22,NAc,189,21,3.18,19.93,"(189, 50)",1.4363,1.3028,16.8435
GABAergic-neurons,23,NAc,111,30,3.22,20.81,"(111, 50)",1.5062,1.3881,15.9118
GABAergic-neurons,25,NAc,284,40,3.17,20.81,"(284, 50)",1.8978,1.6666,15.6059
GABAergic-neurons,0,dlPFC,2030,51,3.17,20.81,"(2030, 50)",1.3098,1.2167,17.2971
GABAergic-neurons,1,dlPFC,838,50,3.17,20.81,"(838, 50)",1.9238,1.3035,17.8293
GABAergic-neurons,2,dlPFC,2786,51,3.17,20.81,"(2786, 50)",2.1866,1.5348,15.2028
GABAergic-neurons,3,dlPFC,4510,51,3.17,20.81,"(4510, 50)",1.609,1.2968,14.4778
GABAergic-neurons,6,dlPFC,178,46,3.17,20.81,"(178, 50)",1.4157,1.0465,21.4373
GABAergic-neurons,8,dlPFC,156,43,3.17,19.93,"(156, 50)",4.695,3.7675,19.1478
GABAergic-neurons,10,dlPFC,660,50,3.17,20.81,"(660, 50)",3.1395,2.5658,15.3315
GABAergic-neurons,11,dlPFC,3678,52,3.17,20.81,"(3678, 50)",1.7585,1.4587,14.3101
GABAergic-neurons,13,dlPFC,3732,51,3.17,20.81,"(3732, 50)",1.4324,1.673,15.8009
GABAergic-neurons,14,dlPFC,1682,51,3.17,20.81,"(1682, 50)",1.4577,2.2901,17.8384
GABAergic-neurons,15,dlPFC,2293,51,3.17,20.81,"(2293, 50)",1.3665,2.4629,18.1667
GABAergic-neurons,16,dlPFC,1796,50,3.17,20.81,"(1796, 50)",1.6166,1.4735,17.7233
GABAergic-neurons,17,dlPFC,1729,50,3.17,20.81,"(1729, 50)",1.642,2.6362,16.3472
GABAergic-neurons,18,dlPFC,4027,51,3.17,20.81,"(4027, 50)",1.7855,0.9179,17.0142
GABAergic-neurons,19,dlPFC,1386,50,3.17,20.81,"(1386, 50)",1.4918,1.554,16.1391
GABAergic-neurons,20,dlPFC,2319,51,3.17,20.81,"(2319, 50)",1.8176,1.044,17.3623
GABAergic-neurons,21,dlPFC,1176,50,3.17,20.81,"(1176, 50)",1.2888,1.3672,16.1039
GABAergic-neurons,22,dlPFC,2545,52,3.17,20.81,"(2545, 50)",1.2801,1.3783,16.1905
GABAergic-neurons,23,dlPFC,888,48,3.17,20.81,"(888, 50)",1.6096,1.2162,16.2863
GABAergic-neurons,24,dlPFC,580,50,3.17,20.81,"(580, 50)",1.2783,1.4457,16.169
GABAergic-neurons,25,dlPFC,3083,52,3.17,20.81,"(3083, 50)",1.4955,1.5112,15.9352
GABAergic-neurons,8,mdTN,184,48,3.18,20.81,"(184, 50)",1.7163,1.2125,40.2873
GABAergic-neurons,12,mdTN,26303,52,3.17,20.81,"(26303, 50)",1.1984,1.6095,20.4147
astrocytes,0,ACC,9551,47,3.17,20.81,"(9551, 50)",1.7343,0.9464,8.4632
astrocytes,1,ACC,1588,46,3.17,20.81,"(1588, 50)",1.193,0.8548,8.5138
astrocytes,2,ACC,15346,51,3.17,20.81,"(15346, 50)",1.2569,0.8355,6.9124
astrocytes,4,ACC,2531,50,3.17,20.81,"(2531, 50)",4.5307,1.8528,17.5346
astrocytes,5,ACC,3296,51,3.17,20.81,"(3296, 50)",2.0671,1.27,10.4885
astrocytes,6,ACC,6755,49,3.17,20.81,"(6755, 50)",1.0771,0.8321,7.6666
astrocytes,7,ACC,3932,51,3.17,20.81,"(3932, 50)",5.5872,2.8451,18.9448
astrocytes,8,ACC,3077,51,3.17,20.81,"(3077, 50)",1.9337,1.355,8.3917
astrocytes,12,ACC,397,48,3.17,20.81,"(397, 50)",3.0742,1.8719,12.1496
astrocytes,13,ACC,247,46,3.17,20.81,"(247, 50)",4.3306,1.8358,12.0592
astrocytes,14,ACC,150,31,3.17,17.0,"(150, 50)",1.1113,0.893,8.2713
astrocytes,15,ACC,8099,50,3.17,20.81,"(8099, 50)",1.6607,1.5964,10.0382
astrocytes,16,ACC,5501,50,3.17,20.81,"(5501, 50)",2.3894,1.1373,9.5349
astrocytes,0,CN,1176,39,3.17,19.93,"(1176, 50)",3.1328,1.4973,10.7931
astrocytes,2,CN,1700,51,3.17,20.81,"(1700, 50)",1.2631,0.8804,6.9655
astrocytes,3,CN,10710,51,3.17,20.81,"(10710, 50)",5.1464,2.3232,13.0191
astrocytes,5,CN,481,48,3.17,20.81,"(481, 50)",2.3077,1.9043,11.5398
astrocytes,6,CN,15247,51,3.17,20.81,"(15247, 50)",1.5112,1.3543,8.3922
astrocytes,7,CN,1000,50,3.17,20.81,"(1000, 50)",6.4804,2.9811,22.8308
astrocytes,8,CN,399,50,3.17,20.81,"(399, 50)",1.7924,1.3223,8.5815
astrocytes,11,CN,103,35,3.17,20.81,"(103, 50)",1.6396,1.1805,8.4283
astrocytes,12,CN,265,49,3.17,20.81,"(265, 50)",3.2951,2.0021,13.5151
astrocytes,13,CN,155,45,3.18,20.81,"(155, 50)",3.2887,2.4209,14.4376
astrocytes,15,CN,209,44,3.18,20.81,"(209, 50)",2.0438,1.822,10.7915
astrocytes,0,EC,3607,41,3.17,19.93,"(3607, 50)",2.7838,1.5677,9.663
astrocytes,1,EC,104,29,3.18,20.81,"(104, 50)",1.2854,1.1144,8.8199
astrocytes,2,EC,2881,52,3.17,20.81,"(2881, 50)",1.2782,0.9941,6.9087
astrocytes,4,EC,3264,52,3.17,20.81,"(3264, 50)",5.3126,2.2412,17.5745
astrocytes,5,EC,1166,52,3.17,20.81,"(1166, 50)",2.4768,1.6804,10.7974
astrocytes,6,EC,5752,49,3.17,20.81,"(5752, 50)",1.5702,1.5472,8.4627
astrocytes,7,EC,2012,52,3.17,20.81,"(2012, 50)",5.9696,2.874,18.0021
astrocytes,8,EC,5622,52,3.17,20.81,"(5622, 50)",2.2892,2.0284,8.9803
astrocytes,11,EC,247,37,3.17,20.81,"(247, 50)",1.9781,1.7501,9.7385
astrocytes,12,EC,221,50,3.17,20.81,"(221, 50)",4.2783,2.1375,13.1988
astrocytes,13,EC,184,46,3.17,20.81,"(184, 50)",5.0094,2.5998,14.22
astrocytes,15,EC,4843,52,3.17,20.81,"(4843, 50)",2.3539,1.9218,11.207
astrocytes,16,EC,2230,52,3.17,20.81,"(2230, 50)",2.1832,1.7031,10.0472
astrocytes,0,HIP,5586,46,3.17,20.81,"(5586, 50)",2.0528,1.1024,8.7153
astrocytes,1,HIP,224,31,3.17,16.15,"(224, 50)",1.043,0.92,8.5047
astrocytes,2,HIP,7012,52,3.17,20.81,"(7012, 50)",1.1805,0.939,7.0137
astrocytes,3,HIP,123,37,3.17,20.81,"(123, 50)",4.7674,1.9462,12.6088
astrocytes,4,HIP,5433,52,3.17,20.81,"(5433, 50)",6.1522,1.9936,18.5526
astrocytes,5,HIP,3556,51,3.17,20.81,"(3556, 50)",2.3422,1.496,10.2712
astrocytes,6,HIP,7236,52,3.17,20.81,"(7236, 50)",1.0741,1.0154,7.8998
astrocytes,7,HIP,1742,52,3.17,20.81,"(1742, 50)",5.3716,2.4381,16.9947
astrocytes,8,HIP,8469,52,3.17,20.81,"(8469, 50)",2.0853,1.3462,8.9048
astrocytes,11,HIP,199,41,3.17,20.81,"(199, 50)",1.9189,1.1506,9.1835
astrocytes,12,HIP,514,52,3.17,20.81,"(514, 50)",3.9242,1.9356,13.6721
astrocytes,13,HIP,129,41,3.17,19.93,"(129, 50)",5.558,2.0941,14.4294
astrocytes,15,HIP,3417,52,3.17,20.81,"(3417, 50)",2.1155,1.6074,10.023
astrocytes,16,HIP,1480,52,3.17,20.81,"(1480, 50)",1.9637,1.2114,9.7704
astrocytes,0,IPP,9012,50,3.17,20.81,"(9012, 50)",1.5606,0.8142,8.2792
astrocytes,1,IPP,1079,35,3.17,20.81,"(1079, 50)",1.1155,0.7282,8.3643
astrocytes,2,IPP,34173,52,3.17,20.81,"(34173, 50)",1.3364,0.8444,7.0089
astrocytes,4,IPP,9767,52,3.17,20.81,"(9767, 50)",4.3147,1.4053,16.8887
astrocytes,5,IPP,7639,44,3.17,20.81,"(7639, 50)",1.8603,1.2046,9.8381
astrocytes,6,IPP,1847,42,3.17,20.81,"(1847, 50)",1.009,0.7595,7.3936
astrocytes,7,IPP,7713,52,3.17,20.81,"(7713, 50)",6.303,3.0108,18.8421
astrocytes,8,IPP,16944,51,3.17,20.81,"(16944, 50)",1.9173,1.1732,8.8501
astrocytes,12,IPP,1119,42,3.17,20.81,"(1119, 50)",3.2351,1.494,11.5399
astrocytes,13,IPP,5609,52,3.17,20.81,"(5609, 50)",4.4711,2.7115,18.921
astrocytes,14,IPP,2434,45,3.17,20.81,"(2434, 50)",1.131,0.7739,8.329
astrocytes,15,IPP,10540,52,3.17,20.81,"(10540, 50)",1.9454,1.3749,10.3114
astrocytes,16,IPP,13828,51,3.17,20.81,"(13828, 50)",2.3013,1.0342,10.0224
astrocytes,0,M1,5340,51,3.17,20.81,"(5340, 50)",1.6397,1.1196,9.2647
astrocytes,1,M1,360,37,3.17,20.81,"(360, 50)",1.3097,1.0287,8.935
astrocytes,2,M1,3418,52,3.17,20.81,"(3418, 50)",1.3681,0.9106,7.1376
astrocytes,4,M1,1442,52,3.17,20.81,"(1442, 50)",5.0369,1.7334,19.0097
astrocytes,5,M1,696,52,3.17,20.81,"(696, 50)",2.8684,1.6288,10.6239
astrocytes,6,M1,1307,52,3.17,20.81,"(1307, 50)",1.2197,1.0166,7.9395
astrocytes,7,M1,1546,52,3.17,20.81,"(1546, 50)",6.4873,3.0012,20.304
astrocytes,8,M1,1261,52,3.17,20.81,"(1261, 50)",2.0712,1.3661,8.7476
astrocytes,12,M1,366,49,3.17,20.81,"(366, 50)",4.0138,2.0841,13.3924
astrocytes,13,M1,259,48,3.17,20.81,"(259, 50)",5.3517,2.6532,14.6969
astrocytes,14,M1,6169,52,3.17,20.81,"(6169, 50)",1.4972,1.0183,9.4511
astrocytes,15,M1,4009,52,3.17,20.81,"(4009, 50)",2.271,1.8919,11.9448
astrocytes,16,M1,4292,52,3.17,20.81,"(4292, 50)",2.8274,1.2851,10.3669
astrocytes,5,MB,2685,46,3.17,20.81,"(2685, 50)",1.9906,1.723,13.7609
astrocytes,7,MB,288,45,3.17,19.93,"(288, 50)",3.9388,2.8667,18.7829
astrocytes,11,MB,7273,46,3.17,20.81,"(7273, 50)",1.8786,1.3711,10.6704
astrocytes,12,MB,978,46,3.17,20.81,"(978, 50)",3.4216,2.5551,15.9211
astrocytes,13,MB,111,39,3.17,17.93,"(111, 50)",3.045,2.2203,15.4051
astrocytes,15,MB,184,38,3.17,20.81,"(184, 50)",2.4494,2.2238,11.999
astrocytes,0,NAc,2261,35,3.17,19.93,"(2261, 50)",2.4525,1.4217,10.6532
astrocytes,1,NAc,146,20,3.18,19.93,"(146, 50)",1.492,1.263,9.1078
astrocytes,2,NAc,1323,51,3.17,20.81,"(1323, 50)",1.2668,1.0784,7.1181
astrocytes,3,NAc,2227,46,3.17,20.81,"(2227, 50)",4.3428,2.0098,12.0724
astrocytes,4,NAc,220,39,3.18,20.81,"(220, 50)",4.1923,2.1953,17.7403
astrocytes,5,NAc,1345,52,3.17,20.81,"(1345, 50)",2.0216,1.5534,11.4416
astrocytes,6,NAc,6277,49,3.17,20.81,"(6277, 50)",1.5426,1.382,8.4368
astrocytes,7,NAc,994,51,3.17,20.81,"(994, 50)",4.4026,2.6814,16.9573
astrocytes,8,NAc,705,50,3.17,20.81,"(705, 50)",2.0698,1.8828,9.0069
astrocytes,11,NAc,9092,50,3.17,20.81,"(9092, 50)",1.9155,1.2446,9.3465
astrocytes,12,NAc,1231,51,3.17,20.81,"(1231, 50)",4.3176,1.7471,13.8311
astrocytes,13,NAc,128,42,3.17,20.81,"(128, 50)",3.8245,2.129,13.661
astrocytes,15,NAc,804,44,3.17,20.81,"(804, 50)",2.0881,1.9948,10.9837
astrocytes,16,NAc,338,44,3.17,20.81,"(338, 50)",2.348,1.7471,9.8628
astrocytes,0,dlPFC,5085,48,3.17,20.81,"(5085, 50)",1.8956,1.1176,8.9239
astrocytes,1,dlPFC,714,40,3.17,20.81,"(714, 50)",1.2996,1.1245,8.8101
astrocytes,2,dlPFC,3611,50,3.17,20.81,"(3611, 50)",1.377,0.9099,7.0899
astrocytes,4,dlPFC,2391,48,3.17,20.81,"(2391, 50)",5.3003,2.0056,19.3457
astrocytes,5,dlPFC,953,49,3.17,20.81,"(953, 50)",3.1015,1.4568,11.5209
astrocytes,6,dlPFC,1834,47,3.17,20.81,"(1834, 50)",1.2843,1.1155,8.125
astrocytes,7,dlPFC,2115,49,3.17,20.81,"(2115, 50)",7.5559,3.4747,22.4669
astrocytes,8,dlPFC,1420,48,3.17,20.81,"(1420, 50)",2.116,1.5607,8.7973
astrocytes,12,dlPFC,188,46,3.17,20.81,"(188, 50)",4.2635,1.8252,13.331
astrocytes,13,dlPFC,1247,48,3.17,20.81,"(1247, 50)",5.1161,3.0987,23.6177
astrocytes,14,dlPFC,1143,44,3.17,20.81,"(1143, 50)",1.3827,0.9924,8.8829
astrocytes,15,dlPFC,4181,50,3.17,20.81,"(4181, 50)",2.2745,1.9857,11.758
astrocytes,16,dlPFC,4385,50,3.17,20.81,"(4385, 50)",2.7603,1.3855,10.1072
astrocytes,9,lCb,25225,47,3.17,20.81,"(25225, 50)",2.1188,2.0348,16.3514
astrocytes,2,mdTN,204,50,3.17,20.81,"(204, 50)",1.4274,1.0961,7.32
astrocytes,5,mdTN,1805,51,3.17,20.81,"(1805, 50)",2.0325,1.5891,12.8287
astrocytes,7,mdTN,891,52,3.17,20.81,"(891, 50)",3.8505,2.5073,19.248
astrocytes,11,mdTN,24564,52,3.17,20.81,"(24564, 50)",1.8155,1.2066,9.8345
astrocytes,12,mdTN,5795,52,3.17,20.81,"(5795, 50)",5.6304,2.0387,15.7299
astrocytes,13,mdTN,3632,52,3.17,20.81,"(3632, 50)",3.7682,2.8674,25.4815
astrocytes,15,mdTN,171,42,3.17,20.81,"(171, 50)",2.5494,1.8923,11.1705
basket-cells,0,lCb,2353,47,3.17,20.81,"(2353, 50)",1.2427,1.6445,11.9915
basket-cells,1,lCb,6012,46,3.17,20.81,"(6012, 50)",1.5013,1.9684,14.3786
basket-cells,2,lCb,11866,47,3.17,20.81,"(11866, 50)",1.1303,1.1557,9.0517
basket-cells,3,lCb,8458,47,3.17,20.81,"(8458, 50)",1.2504,1.2119,10.5864
basket-cells,4,lCb,2900,46,3.17,20.81,"(2900, 50)",0.8045,1.131,9.143
basket-cells,5,lCb,6196,47,3.17,20.81,"(6196, 50)",1.2009,1.0572,8.8
basket-cells,6,lCb,5172,46,3.17,20.81,"(5172, 50)",1.1825,0.9454,9.2345
basket-cells,7,lCb,1829,46,3.17,20.81,"(1829, 50)",1.9739,3.7469,16.128
basket-cells,8,lCb,2646,46,3.17,20.81,"(2646, 50)",1.7328,2.5365,12.5924
basket-cells,9,lCb,2646,46,3.17,20.81,"(2646, 50)",1.6472,1.3159,11.0305
basket-cells,10,lCb,13065,47,3.17,20.81,"(13065, 50)",1.0635,0.9737,8.4812
basket-cells,11,lCb,5291,46,3.17,20.81,"(5291, 50)",1.1733,1.0269,8.3691
basket-cells,12,lCb,3546,47,3.17,20.81,"(3546, 50)",0.7829,1.0566,8.1268
cerebellar-neurons,0,lCb,3540,46,3.17,20.81,"(3540, 50)",18.8204,3.0902,51.401
cerebellar-neurons,1,lCb,29798,47,3.17,20.81,"(29798, 50)",1.5855,3.3179,11.4948
cerebellar-neurons,2,lCb,113339,47,3.17,20.81,"(113339, 50)",1.1156,2.2799,8.9905
cerebellar-neurons,3,lCb,115608,47,3.17,20.81,"(115608, 50)",0.9014,1.5775,8.2009
cerebellar-neurons,4,lCb,115146,47,3.17,20.81,"(115146, 50)",0.7634,1.1869,7.4744
cerebellar-neurons,5,lCb,68321,47,3.17,20.81,"(68321, 50)",3.748,1.7406,9.6002
cerebellar-neurons,6,lCb,109348,47,3.17,20.81,"(109348, 50)",0.9928,1.2717,7.5476
cerebellar-neurons,7,lCb,8263,47,3.17,20.81,"(8263, 50)",2.5985,1.4753,14.6386
cerebellar-neurons,8,lCb,48873,47,3.17,20.81,"(48873, 50)",0.7598,1.1816,7.6619
cerebellar-neurons,9,lCb,100839,47,3.17,20.81,"(100839, 50)",0.8092,1.382,7.8261
ependymal-cells,6,CN,1267,46,3.18,20.81,"(1267, 50)",1.2674,2.2881,13.2034
ependymal-cells,7,CN,621,45,3.18,20.81,"(621, 50)",3.5333,10.6593,27.1548
ependymal-cells,8,CN,129,35,3.21,20.81,"(129, 50)",1.4326,4.0759,19.6893
ependymal-cells,14,CN,129,32,3.21,20.81,"(129, 50)",1.1642,2.8327,20.4375
ependymal-cells,16,CN,185,38,3.21,20.81,"(185, 50)",0.8559,1.6027,10.4381
ependymal-cells,0,HIP,173,37,3.17,20.81,"(173, 50)",6.978,5.9379,21.0688
ependymal-cells,3,HIP,210,49,3.17,20.81,"(210, 50)",3.1868,5.4449,20.2064
ependymal-cells,4,HIP,312,32,3.17,20.81,"(312, 50)",1.2371,1.6465,12.7536
ependymal-cells,5,HIP,187,41,3.17,20.81,"(187, 50)",7.8473,4.291,21.8925
ependymal-cells,6,HIP,1569,50,3.17,20.81,"(1569, 50)",1.2262,1.5155,12.9432
ependymal-cells,14,HIP,106,36,3.17,20.81,"(106, 50)",3.8594,2.9037,19.635
ependymal-cells,16,HIP,887,51,3.17,20.81,"(887, 50)",0.9462,1.2302,10.5592
ependymal-cells,19,HIP,131,30,3.17,20.81,"(131, 50)",7.7116,3.463,21.9606
ependymal-cells,20,HIP,1665,34,3.17,20.81,"(1665, 50)",2.5484,1.4454,13.2472
ependymal-cells,22,HIP,1541,28,3.17,20.81,"(1541, 50)",3.7426,4.4915,18.8934
ependymal-cells,23,HIP,1664,21,3.17,20.81,"(1664, 50)",1.9858,1.8486,16.9051
ependymal-cells,24,HIP,1216,29,3.17,20.81,"(1216, 50)",2.697,1.652,17.5385
ependymal-cells,0,MB,143,33,3.17,17.93,"(143, 50)",1.6842,5.8152,24.7981
ependymal-cells,2,MB,216,19,3.22,20.81,"(216, 50)",1.1048,2.5644,13.6319
ependymal-cells,8,MB,237,35,3.17,20.81,"(237, 50)",1.5296,4.9382,22.5488
ependymal-cells,10,MB,138,13,3.22,20.81,"(138, 50)",1.4153,2.6188,23.9395
ependymal-cells,11,MB,182,32,3.32,17.93,"(182, 50)",1.1964,2.2274,33.9277
ependymal-cells,13,MB,1483,40,3.17,20.81,"(1483, 50)",1.3026,2.1202,13.1877
ependymal-cells,14,MB,113,35,3.17,20.81,"(113, 50)",2.3261,2.8843,16.7979
ependymal-cells,15,MB,295,31,3.17,19.93,"(295, 50)",1.6618,3.0262,14.9611
ependymal-cells,2,NAc,688,27,3.17,19.93,"(688, 50)",1.2278,2.6063,13.5042
ependymal-cells,6,NAc,248,29,3.17,17.0,"(248, 50)",1.0045,2.1687,12.8048
ependymal-cells,8,NAc,109,25,3.17,17.0,"(109, 50)",1.0783,3.5949,19.4657
ependymal-cells,0,mdTN,807,46,3.17,20.81,"(807, 50)",3.8606,7.0642,26.914
ependymal-cells,1,mdTN,125,24,3.18,20.81,"(125, 50)",3.644,12.5299,25.7505
ependymal-cells,5,mdTN,365,43,3.17,20.81,"(365, 50)",5.5493,6.0508,23.6442
ependymal-cells,8,mdTN,896,46,3.17,20.81,"(896, 50)",2.6032,4.555,20.9147
ependymal-cells,9,mdTN,206,35,3.17,20.81,"(206, 50)",4.3668,4.9967,25.4564
ependymal-cells,12,mdTN,136,12,3.17,20.81,"(136, 50)",2.0341,4.9087,28.0381
ependymal-cells,13,mdTN,1524,40,3.17,20.81,"(1524, 50)",1.2587,2.0325,12.3852
ependymal-cells,14,mdTN,247,38,3.17,20.81,"(247, 50)",4.3727,2.9807,17.8382
ependymal-cells,15,mdTN,1283,42,3.17,20.81,"(1283, 50)",1.6148,2.2651,13.2212
ependymal-cells,16,mdTN,161,37,3.17,20.81,"(161, 50)",1.0876,1.5702,10.1117
ependymal-cells,17,mdTN,1081,23,3.17,20.81,"(1081, 50)",2.0768,1.1748,15.0959
ependymal-cells,18,mdTN,225,20,3.17,20.81,"(225, 50)",2.8047,2.349,18.208
ependymal-cells,19,mdTN,247,36,3.17,20.81,"(247, 50)",6.9873,5.0678,22.6857
ependymal-cells,20,mdTN,250,27,3.17,20.81,"(250, 50)",1.8461,1.3295,11.4528
ependymal-cells,21,mdTN,203,30,3.17,20.81,"(203, 50)",4.5695,7.4804,27.3206
ependymal-cells,24,mdTN,202,26,3.17,20.81,"(202, 50)",2.3665,1.1457,16.1937
glutamatergic-neurons,0,ACC,35453,50,3.17,20.81,"(35453, 50)",1.2668,2.1227,12.379
glutamatergic-neurons,1,ACC,3899,51,3.17,20.81,"(3899, 50)",1.6911,2.4903,15.1638
glutamatergic-neurons,2,ACC,7976,51,3.17,20.81,"(7976, 50)",1.5733,1.9061,18.7812
glutamatergic-neurons,3,ACC,21457,51,3.17,20.81,"(21457, 50)",1.6084,2.3893,12.4385
glutamatergic-neurons,5,ACC,29115,51,3.17,20.81,"(29115, 50)",1.3824,2.356,11.7099
glutamatergic-neurons,6,ACC,27956,51,3.17,20.81,"(27956, 50)",1.422,2.4597,12.3632
glutamatergic-neurons,10,ACC,142,35,3.17,20.81,"(142, 50)",2.3855,1.5592,24.3326
glutamatergic-neurons,11,ACC,1511,45,3.17,20.81,"(1511, 50)",1.5025,2.1608,17.1739
glutamatergic-neurons,12,ACC,5760,51,3.17,20.81,"(5760, 50)",2.2467,2.3298,21.1607
glutamatergic-neurons,15,ACC,260,48,3.17,20.81,"(260, 50)",2.9422,2.0891,16.3378
glutamatergic-neurons,17,ACC,1061,47,3.17,20.81,"(1061, 50)",1.5553,1.8873,11.6691
glutamatergic-neurons,18,ACC,12442,50,3.17,20.81,"(12442, 50)",1.2391,2.3115,13.0001
glutamatergic-neurons,19,ACC,2284,51,3.17,20.81,"(2284, 50)",1.4418,1.9484,17.7115
glutamatergic-neurons,20,ACC,3495,50,3.17,20.81,"(3495, 50)",1.7492,2.2487,14.3561
glutamatergic-neurons,21,ACC,248,47,3.17,20.81,"(248, 50)",2.6501,3.2948,14.5261
glutamatergic-neurons,22,ACC,12447,51,3.17,20.81,"(12447, 50)",1.4199,2.0731,15.999
glutamatergic-neurons,23,ACC,3577,51,3.17,20.81,"(3577, 50)",1.9525,3.3787,15.1196
glutamatergic-neurons,24,ACC,531,50,3.17,20.81,"(531, 50)",1.5204,3.6132,14.0903
glutamatergic-neurons,26,ACC,6116,50,3.17,20.81,"(6116, 50)",1.1359,2.076,13.6996
glutamatergic-neurons,27,ACC,7198,51,3.17,20.81,"(7198, 50)",0.9812,1.7581,10.905
glutamatergic-neurons,28,ACC,459,49,3.17,20.81,"(459, 50)",1.1559,2.0995,13.2391
glutamatergic-neurons,29,ACC,368,41,3.17,20.81,"(368, 50)",1.9668,1.856,11.8874
glutamatergic-neurons,30,ACC,1754,51,3.17,20.81,"(1754, 50)",1.4707,1.5509,11.0071
glutamatergic-neurons,0,CN,115,28,3.18,20.81,"(115, 50)",1.4186,2.2015,12.8671
glutamatergic-neurons,15,CN,103,33,3.17,20.81,"(103, 50)",5.5176,2.456,18.5058
glutamatergic-neurons,21,CN,197,41,3.17,20.81,"(197, 50)",6.3796,3.255,26.945
glutamatergic-neurons,0,EC,413,38,3.17,20.81,"(413, 50)",2.4764,2.2329,13.2511
glutamatergic-neurons,1,EC,165,24,3.18,17.93,"(165, 50)",3.3823,2.7937,14.3903
glutamatergic-neurons,2,EC,4440,52,3.17,20.81,"(4440, 50)",3.2888,2.7502,17.9848
glutamatergic-neurons,3,EC,1147,52,3.17,20.81,"(1147, 50)",2.5645,2.2501,12.2445
glutamatergic-neurons,4,EC,6180,52,3.17,20.81,"(6180, 50)",4.3335,2.8478,14.8729
glutamatergic-neurons,5,EC,1430,40,3.17,20.81,"(1430, 50)",2.7243,2.7322,12.7576
glutamatergic-neurons,6,EC,1186,52,3.17,20.81,"(1186, 50)",2.3265,2.0848,12.7101
glutamatergic-neurons,8,EC,189,29,3.21,20.81,"(189, 50)",1.8015,2.9397,15.8411
glutamatergic-neurons,10,EC,256,42,3.18,20.81,"(256, 50)",5.3167,2.5492,45.8867
glutamatergic-neurons,11,EC,778,37,3.17,20.81,"(778, 50)",3.2815,3.3322,16.2184
glutamatergic-neurons,12,EC,670,39,3.18,20.81,"(670, 50)",3.3384,2.6742,21.2185
glutamatergic-neurons,15,EC,195,42,3.17,20.81,"(195, 50)",4.8937,2.4543,21.8982
glutamatergic-neurons,17,EC,635,27,3.17,17.0,"(635, 50)",1.9867,1.8032,12.4623
glutamatergic-neurons,18,EC,429,14,4.11,17.0,"(429, 50)",2.3118,2.3268,14.2756
glutamatergic-neurons,19,EC,468,31,3.17,20.81,"(468, 50)",2.8111,2.577,16.084
glutamatergic-neurons,20,EC,552,37,3.17,20.81,"(552, 50)",2.8741,2.6208,15.6093
glutamatergic-neurons,21,EC,52672,52,3.17,20.81,"(52672, 50)",3.553,3.5208,15.6505
glutamatergic-neurons,22,EC,3635,51,3.17,20.81,"(3635, 50)",2.899,2.6477,15.7546
glutamatergic-neurons,23,EC,7527,52,3.17,20.81,"(7527, 50)",2.1778,3.0628,18.2534
glutamatergic-neurons,25,EC,3626,51,3.17,20.81,"(3626, 50)",1.6875,2.2701,19.5407
glutamatergic-neurons,26,EC,321,18,3.22,17.0,"(321, 50)",2.0441,2.7252,15.1243
glutamatergic-neurons,27,EC,822,52,3.17,20.81,"(822, 50)",1.3266,2.0458,11.067
glutamatergic-neurons,28,EC,591,20,3.22,17.0,"(591, 50)",2.1638,2.2615,15.4916
glutamatergic-neurons,29,EC,334,22,4.11,19.93,"(334, 50)",2.1805,2.1776,12.4307
glutamatergic-neurons,30,EC,202,26,3.21,20.81,"(202, 50)",1.9197,1.7581,10.8104
glutamatergic-neurons,1,HIP,185,46,3.17,20.81,"(185, 50)",3.5786,3.3771,18.2011
glutamatergic-neurons,2,HIP,476,44,3.17,20.81,"(476, 50)",3.0517,3.088,19.1966
glutamatergic-neurons,3,HIP,303,40,3.17,20.81,"(303, 50)",2.3253,3.2204,12.6751
glutamatergic-neurons,6,HIP,139,34,3.18,20.81,"(139, 50)",1.6967,1.9504,11.5906
glutamatergic-neurons,8,HIP,6213,48,3.17,20.81,"(6213, 50)",1.37,2.9872,14.6623
glutamatergic-neurons,9,HIP,69620,52,3.17,20.81,"(69620, 50)",1.9157,3.2796,20.9726
glutamatergic-neurons,10,HIP,18063,52,3.17,20.81,"(18063, 50)",2.7312,4.3299,21.4978
glutamatergic-neurons,11,HIP,22024,52,3.17,20.81,"(22024, 50)",1.8977,4.1744,17.5318
glutamatergic-neurons,12,HIP,1854,49,3.17,20.81,"(1854, 50)",3.1489,3.296,20.7202
glutamatergic-neurons,13,HIP,686,30,3.17,17.93,"(686, 50)",3.6361,4.0058,23.4565
glutamatergic-neurons,17,HIP,159,27,3.17,20.81,"(159, 50)",1.459,1.6032,12.3137
glutamatergic-neurons,20,HIP,150,19,3.17,20.81,"(150, 50)",2.1375,3.0627,15.2526
glutamatergic-neurons,21,HIP,1127,51,3.17,20.81,"(1127, 50)",4.3378,3.5962,18.4861
glutamatergic-neurons,22,HIP,1519,48,3.17,20.81,"(1519, 50)",2.4059,2.8215,15.7904
glutamatergic-neurons,23,HIP,1777,52,3.17,20.81,"(1777, 50)",2.2031,3.0196,16.769
glutamatergic-neurons,24,HIP,106,31,3.17,20.81,"(106, 50)",4.0183,5.7944,20.8062
glutamatergic-neurons,27,HIP,424,45,3.17,20.81,"(424, 50)",1.1591,2.0024,11.0978
glutamatergic-neurons,28,HIP,106,26,3.17,20.81,"(106, 50)",1.8383,3.0084,13.8321
glutamatergic-neurons,29,HIP,111,20,3.17,17.0,"(111, 50)",1.6653,2.4689,12.2952
glutamatergic-neurons,0,IPP,748,51,3.17,20.81,"(748, 50)",1.422,2.5105,12.1352
glutamatergic-neurons,1,IPP,5362,52,3.17,20.81,"(5362, 50)",1.5961,3.8904,15.9978
glutamatergic-neurons,2,IPP,20758,53,3.17,20.81,"(20758, 50)",1.3738,2.463,17.2462
glutamatergic-neurons,3,IPP,53836,52,3.17,20.81,"(53836, 50)",1.2629,3.1175,12.0777
glutamatergic-neurons,5,IPP,662,42,3.17,20.81,"(662, 50)",1.2296,2.6879,11.3289
glutamatergic-neurons,6,IPP,27875,53,3.17,20.81,"(27875, 50)",1.159,1.8044,11.3123
glutamatergic-neurons,12,IPP,19296,53,3.17,20.81,"(19296, 50)",1.554,2.8173,17.8663
glutamatergic-neurons,16,IPP,359,40,3.17,20.81,"(359, 50)",1.7042,2.9761,14.0027
glutamatergic-neurons,17,IPP,77205,53,3.17,20.81,"(77205, 50)",0.9594,1.5923,11.794
glutamatergic-neurons,18,IPP,42826,53,3.17,20.81,"(42826, 50)",1.1754,2.343,12.8635
glutamatergic-neurons,19,IPP,17458,53,3.17,20.81,"(17458, 50)",1.7387,2.402,17.6589
glutamatergic-neurons,20,IPP,57369,53,3.17,20.81,"(57369, 50)",1.4318,2.5651,13.6437
glutamatergic-neurons,21,IPP,171,35,3.17,20.81,"(171, 50)",2.0142,3.2291,13.7712
glutamatergic-neurons,22,IPP,25387,53,3.17,20.81,"(25387, 50)",1.1916,2.572,14.7156
glutamatergic-neurons,23,IPP,17172,52,3.17,20.81,"(17172, 50)",1.6705,3.2569,15.7987
glutamatergic-neurons,24,IPP,27288,53,3.17,20.81,"(27288, 50)",1.6375,3.0117,14.906
glutamatergic-neurons,26,IPP,40647,53,3.17,20.81,"(40647, 50)",0.9545,2.4632,13.116
glutamatergic-neurons,27,IPP,70863,53,3.17,20.81,"(70863, 50)",0.9018,1.8202,10.8293
glutamatergic-neurons,28,IPP,65484,53,3.17,20.81,"(65484, 50)",0.9483,2.3961,13.0024
glutamatergic-neurons,29,IPP,85329,53,3.17,20.81,"(85329, 50)",1.1877,2.1675,11.4268
glutamatergic-neurons,30,IPP,38617,53,3.17,20.81,"(38617, 50)",1.1783,1.7979,10.7138
glutamatergic-neurons,0,M1,6471,52,3.17,20.81,"(6471, 50)",1.4219,2.3753,11.8922
glutamatergic-neurons,1,M1,2471,52,3.17,20.81,"(2471, 50)",3.288,3.765,17.8497
glutamatergic-neurons,2,M1,2619,52,3.17,20.81,"(2619, 50)",1.977,2.3294,18.7987
glutamatergic-neurons,3,M1,8750,52,3.17,20.81,"(8750, 50)",2.0797,3.3122,12.9445
glutamatergic-neurons,5,M1,2188,52,3.17,20.81,"(2188, 50)",1.9515,2.8007,11.7164
glutamatergic-neurons,6,M1,4903,52,3.17,20.81,"(4903, 50)",1.9548,1.8028,11.6376
glutamatergic-neurons,16,M1,12187,52,3.17,20.81,"(12187, 50)",2.4394,3.4576,15.0272
glutamatergic-neurons,17,M1,12670,52,3.17,20.81,"(12670, 50)",1.6705,2.2348,12.0923
glutamatergic-neurons,18,M1,6435,52,3.17,20.81,"(6435, 50)",1.8573,2.4824,13.2869
glutamatergic-neurons,20,M1,6962,52,3.17,20.81,"(6962, 50)",2.2958,2.0795,14.1703
glutamatergic-neurons,22,M1,5110,52,3.17,20.81,"(5110, 50)",1.7528,2.7845,15.8786
glutamatergic-neurons,23,M1,6852,52,3.17,20.81,"(6852, 50)",2.6301,3.5988,17.0078
glutamatergic-neurons,24,M1,2079,52,3.17,20.81,"(2079, 50)",3.1713,4.0727,20.0823
glutamatergic-neurons,26,M1,3683,52,3.17,20.81,"(3683, 50)",1.2644,2.3551,13.5919
glutamatergic-neurons,27,M1,4931,52,3.17,20.81,"(4931, 50)",1.0569,2.0923,10.8124
glutamatergic-neurons,28,M1,948,52,3.17,20.81,"(948, 50)",1.3918,2.2151,13.5473
glutamatergic-neurons,29,M1,3722,52,3.17,20.81,"(3722, 50)",1.7266,1.851,11.9709
glutamatergic-neurons,30,M1,5838,52,3.17,20.81,"(5838, 50)",1.9286,1.982,11.9955
glutamatergic-neurons,0,NAc,1185,28,3.17,17.93,"(1185, 50)",2.004,1.8977,13.5486
glutamatergic-neurons,1,NAc,385,18,3.17,19.93,"(385, 50)",2.4267,1.8963,13.9355
glutamatergic-neurons,2,NAc,369,18,3.18,19.93,"(369, 50)",2.6049,1.9545,20.1889
glutamatergic-neurons,3,NAc,204,21,3.18,16.74,"(204, 50)",2.6613,2.2664,13.2035
glutamatergic-neurons,4,NAc,275,21,3.18,20.81,"(275, 50)",3.2638,2.236,14.1354
glutamatergic-neurons,5,NAc,1101,29,3.17,17.93,"(1101, 50)",2.5033,2.1664,13.0268
glutamatergic-neurons,6,NAc,588,28,3.18,19.93,"(588, 50)",2.502,1.9964,13.5518
glutamatergic-neurons,12,NAc,208,17,3.18,19.93,"(208, 50)",1.7491,2.0356,21.627
glutamatergic-neurons,17,NAc,214,26,3.17,17.0,"(214, 50)",2.5274,2.0494,12.846
glutamatergic-neurons,18,NAc,334,22,3.17,17.0,"(334, 50)",2.1022,2.0952,15.1051
glutamatergic-neurons,21,NAc,1388,33,3.17,20.81,"(1388, 50)",2.5741,2.5274,13.5273
glutamatergic-neurons,22,NAc,209,17,3.17,17.0,"(209, 50)",2.5823,2.1723,17.5038
glutamatergic-neurons,23,NAc,111,23,3.18,19.93,"(111, 50)",1.9613,2.759,15.208
glutamatergic-neurons,26,NAc,222,18,3.18,17.0,"(222, 50)",1.6838,1.9023,15.425
glutamatergic-neurons,27,NAc,175,27,3.17,16.74,"(175, 50)",1.6352,1.794,11.5149
glutamatergic-neurons,0,dlPFC,7540,52,3.17,20.81,"(7540, 50)",1.6718,2.4009,12.3078
glutamatergic-neurons,1,dlPFC,1997,52,3.17,20.81,"(1997, 50)",3.1278,3.5809,16.6225
glutamatergic-neurons,2,dlPFC,4709,52,3.17,20.81,"(4709, 50)",2.3472,2.3476,19.3193
glutamatergic-neurons,3,dlPFC,9251,52,3.17,20.81,"(9251, 50)",2.2155,3.1592,13.1138
glutamatergic-neurons,5,dlPFC,5829,52,3.17,20.81,"(5829, 50)",2.1417,3.197,11.658
glutamatergic-neurons,6,dlPFC,6829,52,3.17,20.81,"(6829, 50)",1.8679,1.8982,12.0525
glutamatergic-neurons,12,dlPFC,3566,52,3.17,20.81,"(3566, 50)",2.9161,2.7697,22.5116
glutamatergic-neurons,16,dlPFC,4266,51,3.17,20.81,"(4266, 50)",2.8568,3.2613,14.9266
glutamatergic-neurons,17,dlPFC,11934,52,3.17,20.81,"(11934, 50)",1.8261,2.063,12.1443
glutamatergic-neurons,18,dlPFC,13601,52,3.17,20.81,"(13601, 50)",2.0687,2.5433,13.9221
glutamatergic-neurons,19,dlPFC,2252,51,3.17,20.81,"(2252, 50)",3.3711,2.3088,21.1089
glutamatergic-neurons,20,dlPFC,9000,52,3.17,20.81,"(9000, 50)",2.3833,2.244,14.436
glutamatergic-neurons,22,dlPFC,5503,52,3.17,20.81,"(5503, 50)",1.9515,2.5097,15.8367
glutamatergic-neurons,23,dlPFC,3911,52,3.17,20.81,"(3911, 50)",2.0793,3.5675,16.0051
glutamatergic-neurons,24,dlPFC,920,50,3.17,20.81,"(920, 50)",2.9913,4.5452,15.6245
glutamatergic-neurons,26,dlPFC,6610,52,3.17,20.81,"(6610, 50)",1.2849,2.3421,14.4901
glutamatergic-neurons,27,dlPFC,3983,52,3.17,20.81,"(3983, 50)",1.3514,2.0655,10.9817
glutamatergic-neurons,28,dlPFC,3621,51,3.17,20.81,"(3621, 50)",1.2353,2.1765,14.4243
glutamatergic-neurons,29,dlPFC,6597,51,3.17,20.81,"(6597, 50)",1.8258,2.01,11.8676
glutamatergic-neurons,30,dlPFC,7325,52,3.17,20.81,"(7325, 50)",1.787,1.7624,11.5582
glutamatergic-neurons,13,mdTN,69902,52,3.17,20.81,"(69902, 50)",4.551,4.0207,26.1307
glutamatergic-neurons,14,mdTN,13308,51,3.17,20.81,"(13308, 50)",3.3201,2.6241,28.0657
glutamatergic-neurons,15,mdTN,18744,52,3.17,20.81,"(18744, 50)",3.4685,2.6664,22.1032
glutamatergic-neurons,17,mdTN,125,36,3.17,20.81,"(125, 50)",2.8203,1.9184,12.6186
glutamatergic-neurons,21,mdTN,285,47,3.17,20.81,"(285, 50)",5.1545,3.1389,24.6439
glutamatergic-neurons,23,mdTN,450,50,3.17,20.81,"(450, 50)",3.2289,3.1135,17.8436
glutamatergic-neurons,27,mdTN,211,44,3.17,20.81,"(211, 50)",1.7585,1.9215,11.287
medium-spiny-neurons,0,CN,239,43,3.17,20.81,"(239, 50)",3.4119,4.4659,16.5483
medium-spiny-neurons,1,CN,685,39,3.17,20.81,"(685, 50)",2.1632,3.5606,11.5333
medium-spiny-neurons,2,CN,4170,51,3.17,20.81,"(4170, 50)",3.2009,4.408,21.1915
medium-spiny-neurons,3,CN,443,42,3.17,20.81,"(443, 50)",1.7606,2.8027,10.7465
medium-spiny-neurons,4,CN,8703,51,3.17,20.81,"(8703, 50)",1.3229,3.9021,11.0476
medium-spiny-neurons,6,CN,3299,51,3.17,20.81,"(3299, 50)",1.2589,1.9294,10.3284
medium-spiny-neurons,7,CN,251,49,3.17,20.81,"(251, 50)",3.8681,4.2231,26.3412
medium-spiny-neurons,9,CN,3156,50,3.17,20.81,"(3156, 50)",3.8114,6.4257,17.0824
medium-spiny-neurons,10,CN,12507,51,3.17,20.81,"(12507, 50)",1.2041,3.8632,10.6721
medium-spiny-neurons,11,CN,3033,50,3.17,20.81,"(3033, 50)",1.7614,2.8021,10.5846
medium-spiny-neurons,12,CN,5803,51,3.17,20.81,"(5803, 50)",1.2873,3.951,11.4993
medium-spiny-neurons,13,CN,15482,51,3.17,20.81,"(15482, 50)",1.0172,1.4935,9.4096
medium-spiny-neurons,14,CN,1178,51,3.17,20.81,"(1178, 50)",1.3099,3.3767,11.4457
medium-spiny-neurons,15,CN,12011,51,3.17,20.81,"(12011, 50)",1.185,3.6961,10.9933
medium-spiny-neurons,16,CN,15455,51,3.17,20.81,"(15455, 50)",0.9664,1.4822,9.7568
medium-spiny-neurons,17,CN,9801,51,3.17,20.81,"(9801, 50)",1.7566,7.8303,14.9559
medium-spiny-neurons,0,HIP,1238,27,3.17,20.81,"(1238, 50)",5.5602,3.863,15.0157
medium-spiny-neurons,2,HIP,159,22,3.17,20.81,"(159, 50)",3.7063,4.1943,21.1841
medium-spiny-neurons,9,HIP,936,34,3.17,20.81,"(936, 50)",6.186,6.9088,33.8143
medium-spiny-neurons,14,HIP,950,29,3.17,20.81,"(950, 50)",3.4121,4.2243,13.994
medium-spiny-neurons,15,HIP,112,26,3.17,20.81,"(112, 50)",1.3882,5.0885,14.7382
medium-spiny-neurons,17,HIP,303,39,3.17,20.81,"(303, 50)",2.0964,8.9143,16.9234
medium-spiny-neurons,0,NAc,1088,51,3.17,20.81,"(1088, 50)",4.4456,3.1366,20.6536
medium-spiny-neurons,1,NAc,10818,48,3.17,20.81,"(10818, 50)",2.4867,3.2688,12.4062
medium-spiny-neurons,2,NAc,2108,47,3.17,20.81,"(2108, 50)",3.4684,3.7243,19.8604
medium-spiny-neurons,3,NAc,361,26,3.18,19.93,"(361, 50)",1.9368,2.8597,11.7404
medium-spiny-neurons,4,NAc,1281,29,3.17,20.81,"(1281, 50)",1.5341,2.8398,11.3856
medium-spiny-neurons,5,NAc,6235,37,3.18,20.81,"(6235, 50)",4.5224,3.7434,27.4479
medium-spiny-neurons,6,NAc,3264,37,3.17,20.81,"(3264, 50)",1.3658,1.9258,10.3068
medium-spiny-neurons,7,NAc,4443,51,3.17,20.81,"(4443, 50)",4.2702,3.9601,23.9649
medium-spiny-neurons,8,NAc,11500,48,3.17,20.81,"(11500, 50)",3.0642,3.8005,13.8319
medium-spiny-neurons,9,NAc,1228,48,3.17,20.81,"(1228, 50)",6.0454,5.5377,20.0257
medium-spiny-neurons,10,NAc,630,37,3.17,20.81,"(630, 50)",1.3702,3.448,11.291
medium-spiny-neurons,11,NAc,7710,46,3.17,20.81,"(7710, 50)",2.7656,2.9836,12.2528
medium-spiny-neurons,12,NAc,711,30,3.17,20.81,"(711, 50)",1.5697,3.055,11.3595
medium-spiny-neurons,13,NAc,1156,35,3.17,20.81,"(1156, 50)",1.2176,1.5976,9.1964
medium-spiny-neurons,14,NAc,168,26,3.18,19.93,"(168, 50)",1.9216,3.1175,13.4449
medium-spiny-neurons,15,NAc,983,42,3.17,20.81,"(983, 50)",1.1866,3.6955,10.8887
medium-spiny-neurons,16,NAc,472,31,3.17,20.81,"(472, 50)",0.9103,1.3964,9.391
medium-spiny-neurons,17,NAc,2215,48,3.17,20.81,"(2215, 50)",2.1514,7.4774,15.0496
microglia,0,ACC,117,40,3.18,20.81,"(117, 50)",3.7856,1.9023,14.0488
microglia,1,ACC,3019,50,3.17,20.81,"(3019, 50)",4.4558,1.3919,11.1628
microglia,2,ACC,302,40,3.17,20.81,"(302, 50)",2.6395,2.6469,21.892
microglia,3,ACC,1572,47,3.17,19.93,"(1572, 50)",1.1177,0.6353,6.472
microglia,4,ACC,1365,46,3.17,20.81,"(1365, 50)",1.4322,0.6983,7.5004
microglia,5,ACC,7751,50,3.17,20.81,"(7751, 50)",1.0988,0.5633,6.4469
microglia,6,ACC,2779,49,3.17,20.81,"(2779, 50)",0.9865,0.549,6.2489
microglia,7,ACC,466,47,3.17,20.81,"(466, 50)",3.061,5.1668,24.2841
microglia,8,ACC,284,29,3.22,17.0,"(284, 50)",1.2383,0.6021,7.5615
microglia,9,ACC,681,50,3.17,20.81,"(681, 50)",9.7471,2.3442,27.0633
microglia,10,ACC,2673,50,3.17,20.81,"(2673, 50)",0.9605,0.5838,5.9176
microglia,11,ACC,693,49,3.17,20.81,"(693, 50)",3.2317,2.7234,16.3425
microglia,12,ACC,139,43,3.17,20.81,"(139, 50)",5.1612,1.769,16.0919
microglia,13,ACC,4104,50,3.17,20.81,"(4104, 50)",1.1365,0.651,6.2156
microglia,1,CN,1834,51,3.17,20.81,"(1834, 50)",4.1972,1.1084,11.7767
microglia,3,CN,669,46,3.17,20.81,"(669, 50)",1.1958,0.6091,6.5649
microglia,4,CN,683,50,3.17,20.81,"(683, 50)",1.5243,0.6345,7.4268
microglia,5,CN,742,49,3.17,20.81,"(742, 50)",1.1798,0.5554,6.5843
microglia,6,CN,1121,51,3.17,20.81,"(1121, 50)",0.9883,0.5345,6.3419
microglia,8,CN,1457,48,3.17,20.81,"(1457, 50)",2.2647,0.6409,8.886
microglia,9,CN,639,51,3.17,20.81,"(639, 50)",6.7759,1.9301,26.4422
microglia,10,CN,587,49,3.17,20.81,"(587, 50)",0.9487,0.5826,5.9063
microglia,11,CN,164,44,3.17,19.93,"(164, 50)",4.0838,2.6435,18.7409
microglia,12,CN,112,45,3.17,19.93,"(112, 50)",5.1633,2.1355,20.7649
microglia,13,CN,381,49,3.17,20.81,"(381, 50)",1.3059,0.7046,6.7247
microglia,1,EC,3574,52,3.17,20.81,"(3574, 50)",5.6031,1.5527,13.936
microglia,3,EC,357,38,3.18,19.93,"(357, 50)",1.2294,0.619,6.7372
microglia,4,EC,516,46,3.18,20.81,"(516, 50)",1.5611,0.6889,7.9433
microglia,5,EC,1392,51,3.17,20.81,"(1392, 50)",1.3661,0.6271,7.0104
microglia,6,EC,2098,50,3.17,20.81,"(2098, 50)",1.1454,0.5932,6.7256
microglia,8,EC,1787,47,3.18,20.81,"(1787, 50)",2.0063,0.6013,9.017
microglia,9,EC,1045,52,3.17,20.81,"(1045, 50)",11.173,2.0691,34.9291
microglia,10,EC,370,49,3.18,20.81,"(370, 50)",1.0117,0.6306,6.0655
microglia,11,EC,166,42,3.18,20.81,"(166, 50)",5.1877,2.564,16.808
microglia,12,EC,199,45,3.18,20.81,"(199, 50)",7.9967,1.8016,23.6308
microglia,13,EC,563,51,3.17,20.81,"(563, 50)",1.3728,0.777,7.0094
microglia,0,HIP,139,44,3.17,20.81,"(139, 50)",5.6029,2.179,16.6696
microglia,1,HIP,3534,52,3.17,20.81,"(3534, 50)",5.7299,1.5805,14.0096
microglia,2,HIP,100,35,3.17,20.81,"(100, 50)",2.9282,2.5768,22.6797
microglia,3,HIP,1164,46,3.17,20.81,"(1164, 50)",1.174,0.6825,6.9897
microglia,4,HIP,986,48,3.17,20.81,"(986, 50)",1.7969,0.761,7.9016
microglia,5,HIP,2768,49,3.17,20.81,"(2768, 50)",1.1844,0.6054,7.0282
microglia,6,HIP,2392,48,3.17,20.81,"(2392, 50)",1.0608,0.578,6.6209
microglia,7,HIP,320,48,3.17,20.81,"(320, 50)",3.822,5.7054,26.3013
microglia,8,HIP,558,35,3.17,19.93,"(558, 50)",1.4673,0.6413,7.9022
microglia,9,HIP,663,52,3.17,20.81,"(663, 50)",8.5538,2.0333,25.8786
microglia,10,HIP,1288,50,3.17,20.81,"(1288, 50)",1.0611,0.6252,6.4991
microglia,11,HIP,872,46,3.17,20.81,"(872, 50)",3.8833,2.477,18.8592
microglia,12,HIP,245,50,3.17,20.81,"(245, 50)",6.8673,1.5808,20.5666
microglia,13,HIP,5449,52,3.17,20.81,"(5449, 50)",1.3134,0.6823,6.8684
microglia,0,IPP,185,32,3.17,20.81,"(185, 50)",4.0014,1.6165,14.8396
microglia,1,IPP,5527,52,3.17,20.81,"(5527, 50)",4.104,1.2721,11.6717
microglia,3,IPP,1260,49,3.17,20.81,"(1260, 50)",0.9021,0.5578,6.2054
microglia,4,IPP,752,44,3.17,20.81,"(752, 50)",1.5177,0.7043,7.2892
microglia,5,IPP,3497,53,3.17,20.81,"(3497, 50)",0.9665,0.5242,6.2731
microglia,6,IPP,2646,51,3.18,20.81,"(2646, 50)",0.9436,0.5164,6.317
microglia,8,IPP,161,30,3.17,19.93,"(161, 50)",0.9406,0.509,7.0787
microglia,9,IPP,1272,48,3.17,20.81,"(1272, 50)",11.4496,2.2734,31.2545
microglia,10,IPP,1738,50,3.17,20.81,"(1738, 50)",0.8735,0.5835,5.7411
microglia,11,IPP,333,43,3.17,20.81,"(333, 50)",3.6106,1.85,14.0296
microglia,12,IPP,358,37,3.17,20.81,"(358, 50)",5.0865,1.2975,17.0708
microglia,13,IPP,19871,53,3.17,20.81,"(19871, 50)",1.1015,0.6108,6.1697
microglia,1,M1,1353,52,3.17,20.81,"(1353, 50)",4.9855,1.3786,12.6866
microglia,3,M1,674,50,3.17,19.93,"(674, 50)",1.1432,0.6164,6.7374
microglia,4,M1,1008,50,3.17,20.81,"(1008, 50)",1.2939,0.652,7.3853
microglia,5,M1,781,48,3.17,20.81,"(781, 50)",1.061,0.5428,6.6914
microglia,6,M1,1353,51,3.17,20.81,"(1353, 50)",0.9291,0.5304,6.4111
microglia,8,M1,988,44,3.17,20.81,"(988, 50)",1.6683,0.6243,8.1233
microglia,9,M1,316,52,3.17,20.81,"(316, 50)",9.4809,2.347,34.978
microglia,10,M1,550,50,3.17,20.81,"(550, 50)",0.8819,0.5551,6.0099
microglia,11,M1,166,46,3.17,20.81,"(166, 50)",4.9286,3.3216,20.1692
microglia,13,M1,261,49,3.17,20.81,"(261, 50)",1.418,0.6386,6.5617
microglia,0,MB,240,42,3.17,19.93,"(240, 50)",5.0637,4.8898,21.7223
microglia,1,MB,722,44,3.18,19.93,"(722, 50)",4.1078,1.3537,11.2184
microglia,2,MB,143,27,3.22,19.93,"(143, 50)",1.7075,2.3931,26.2362
microglia,3,MB,504,43,3.17,19.93,"(504, 50)",1.1322,0.6528,6.9326
microglia,4,MB,6661,45,3.17,19.93,"(6661, 50)",1.4198,0.6937,7.8713
microglia,5,MB,100,33,3.17,17.93,"(100, 50)",0.9509,0.5427,6.7631
microglia,6,MB,475,40,3.18,19.93,"(475, 50)",0.9619,0.5615,6.4869
microglia,7,MB,480,42,3.18,19.93,"(480, 50)",3.8478,5.4924,31.7815
microglia,8,MB,1316,38,3.18,19.93,"(1316, 50)",1.882,0.7171,9.5479
microglia,10,MB,1615,45,3.17,19.93,"(1615, 50)",0.9348,0.6207,6.414
microglia,11,MB,915,44,3.18,19.93,"(915, 50)",4.1209,3.0638,21.1228
microglia,0,NAc,161,47,3.17,20.81,"(161, 50)",5.5164,1.8112,17.1407
microglia,1,NAc,1975,50,3.17,20.81,"(1975, 50)",4.0927,1.1323,11.3087
microglia,3,NAc,1110,49,3.17,20.81,"(1110, 50)",1.1898,0.6511,6.6032
microglia,4,NAc,2290,50,3.17,20.81,"(2290, 50)",1.5337,0.8176,7.7451
microglia,5,NAc,978,50,3.17,20.81,"(978, 50)",1.2603,0.5295,6.8529
microglia,6,NAc,1797,50,3.17,20.81,"(1797, 50)",1.0143,0.5517,6.4646
microglia,7,NAc,289,44,3.18,20.81,"(289, 50)",4.2843,5.571,29.2862
microglia,8,NAc,1978,48,3.17,20.81,"(1978, 50)",2.2994,0.6846,8.692
microglia,9,NAc,464,50,3.17,20.81,"(464, 50)",6.3959,2.1506,25.9562
microglia,10,NAc,1039,49,3.17,20.81,"(1039, 50)",1.0322,0.6073,6.1558
microglia,11,NAc,526,49,3.17,20.81,"(526, 50)",4.3669,2.9059,19.4463
microglia,12,NAc,195,46,3.17,20.81,"(195, 50)",4.5393,1.8023,20.6645
microglia,13,NAc,785,49,3.17,20.81,"(785, 50)",1.3941,0.7278,6.6596
microglia,1,dlPFC,1073,46,3.17,20.81,"(1073, 50)",4.6985,1.4473,11.8314
microglia,2,dlPFC,106,32,3.18,19.93,"(106, 50)",3.9822,3.0966,24.4533
microglia,3,dlPFC,467,38,3.17,19.93,"(467, 50)",1.2121,0.597,6.555
microglia,4,dlPFC,525,46,3.17,20.81,"(525, 50)",1.4624,0.6675,7.4726
microglia,5,dlPFC,1530,48,3.17,20.81,"(1530, 50)",1.2346,0.5758,6.8548
microglia,6,dlPFC,1431,48,3.17,20.81,"(1431, 50)",1.0328,0.5381,6.5363
microglia,7,dlPFC,197,43,3.17,20.81,"(197, 50)",4.8547,5.7955,28.6252
microglia,8,dlPFC,784,43,3.22,20.81,"(784, 50)",1.4896,0.569,8.0767
microglia,9,dlPFC,287,44,3.17,20.81,"(287, 50)",9.2067,2.7452,30.3189
microglia,10,dlPFC,452,46,3.17,20.81,"(452, 50)",0.9174,0.5798,5.9973
microglia,11,dlPFC,300,47,3.17,20.81,"(300, 50)",4.2963,4.1519,20.9524
microglia,13,dlPFC,511,46,3.17,20.81,"(511, 50)",1.2078,0.6605,6.4947
microglia,1,lCb,699,45,3.17,20.81,"(699, 50)",3.5215,0.9965,10.3003
microglia,3,lCb,401,38,3.17,17.93,"(401, 50)",1.1926,0.6296,6.4688
microglia,4,lCb,1844,44,3.17,20.81,"(1844, 50)",1.4902,0.6475,7.6537
microglia,5,lCb,204,37,3.17,20.81,"(204, 50)",1.1544,0.6176,6.4944
microglia,6,lCb,823,43,3.17,20.81,"(823, 50)",1.0408,0.5686,6.5013
microglia,8,lCb,749,37,3.17,17.93,"(749, 50)",1.9212,0.6405,8.9204
microglia,9,lCb,152,39,3.17,20.81,"(152, 50)",5.3284,1.3179,23.5042
microglia,10,lCb,1014,43,3.17,20.81,"(1014, 50)",1.0061,0.6107,6.2666
microglia,13,lCb,359,43,3.17,20.81,"(359, 50)",1.4593,0.7706,7.291
microglia,0,mdTN,344,50,3.18,20.81,"(344, 50)",4.208,2.7691,16.2803
microglia,1,mdTN,1792,51,3.17,20.81,"(1792, 50)",3.1014,0.9733,9.7387
microglia,3,mdTN,1626,48,3.18,20.81,"(1626, 50)",1.1323,0.6193,6.431
microglia,4,mdTN,6258,49,3.18,20.81,"(6258, 50)",1.4347,0.6498,7.3128
microglia,5,mdTN,731,46,3.18,20.81,"(731, 50)",1.0275,0.5592,6.3899
microglia,6,mdTN,2787,49,3.18,20.81,"(2787, 50)",0.9753,0.5439,6.2717
microglia,7,mdTN,463,45,3.18,20.81,"(463, 50)",6.5143,6.2422,34.3042
microglia,8,mdTN,2389,44,3.18,20.81,"(2389, 50)",2.1165,0.6481,8.8113
microglia,9,mdTN,279,49,3.17,20.81,"(279, 50)",7.961,3.4713,24.9742
microglia,10,mdTN,4889,51,3.17,20.81,"(4889, 50)",0.8999,0.5738,5.9496
microglia,11,mdTN,1316,51,3.17,20.81,"(1316, 50)",7.2123,6.4542,29.6768
microglia,12,mdTN,133,46,3.18,20.81,"(133, 50)",4.8251,2.1599,15.6067
microglia,13,mdTN,1148,51,3.17,20.81,"(1148, 50)",1.257,0.6455,6.328
midbrain-neurons,0,MB,1539,39,3.17,19.93,"(1539, 50)",2.0453,2.5938,20.8873
midbrain-neurons,1,MB,1702,46,3.17,20.81,"(1702, 50)",2.3901,2.7143,14.0483
midbrain-neurons,2,MB,491,33,3.22,20.81,"(491, 50)",2.1419,2.6541,22.3253
midbrain-neurons,3,MB,959,42,3.17,20.81,"(959, 50)",1.849,2.1457,14.9616
midbrain-neurons,4,MB,3501,39,3.22,20.81,"(3501, 50)",2.2167,2.7493,21.3696
midbrain-neurons,5,MB,1453,27,3.21,20.81,"(1453, 50)",1.293,1.6007,15.4152
midbrain-neurons,6,MB,7370,35,3.17,17.93,"(7370, 50)",4.37,1.5838,24.842
midbrain-neurons,7,MB,4917,43,3.17,20.81,"(4917, 50)",2.3567,2.7028,20.7366
midbrain-neurons,8,MB,1055,43,3.17,20.81,"(1055, 50)",1.8288,3.747,21.0081
midbrain-neurons,10,MB,1116,40,3.18,20.81,"(1116, 50)",1.7651,1.8612,12.8115
midbrain-neurons,11,MB,3765,38,3.17,19.93,"(3765, 50)",1.1933,1.6684,14.1115
midbrain-neurons,12,MB,746,22,3.22,20.81,"(746, 50)",1.7777,2.4867,19.3983
midbrain-neurons,13,MB,5690,47,3.17,20.81,"(5690, 50)",1.3735,1.7276,11.0239
midbrain-neurons,14,MB,2756,38,3.21,20.81,"(2756, 50)",2.1263,2.6387,22.4513
midbrain-neurons,15,MB,704,42,3.17,20.81,"(704, 50)",3.5939,3.9982,21.8311
midbrain-neurons,16,MB,665,34,3.21,19.93,"(665, 50)",1.5961,1.496,17.5648
midbrain-neurons,17,MB,892,40,3.17,20.81,"(892, 50)",2.5866,5.2242,24.2825
midbrain-neurons,18,MB,1592,32,3.17,19.93,"(1592, 50)",1.4695,1.833,19.8068
midbrain-neurons,19,MB,574,39,3.18,20.81,"(574, 50)",12.8145,3.4186,30.6982
midbrain-neurons,20,MB,10922,47,3.17,20.81,"(10922, 50)",1.2286,1.8457,11.2038
midbrain-neurons,21,MB,646,39,3.17,20.81,"(646, 50)",1.1828,1.5276,18.8874
midbrain-neurons,22,MB,305,37,3.22,20.81,"(305, 50)",1.3999,1.9516,15.5589
midbrain-neurons,23,MB,863,35,3.21,20.81,"(863, 50)",1.8953,2.7931,17.7656
midbrain-neurons,24,MB,3562,47,3.17,20.81,"(3562, 50)",2.0698,2.8144,18.6028
midbrain-neurons,25,MB,294,25,4.11,20.81,"(294, 50)",1.5043,2.1471,33.5077
midbrain-neurons,26,MB,1111,34,3.17,19.93,"(1111, 50)",1.0371,1.3988,13.4015
midbrain-neurons,27,MB,2510,46,3.17,20.81,"(2510, 50)",1.3701,1.6814,12.9662
midbrain-neurons,28,MB,2864,37,3.17,19.93,"(2864, 50)",1.2602,1.6365,13.9797
midbrain-neurons,29,MB,973,27,3.21,20.81,"(973, 50)",1.5278,2.448,25.9468
midbrain-neurons,30,MB,1148,45,3.17,20.81,"(1148, 50)",2.0049,2.2189,16.2577
midbrain-neurons,31,MB,714,19,4.31,20.81,"(714, 50)",1.5334,2.0157,22.0653
midbrain-neurons,32,MB,2627,47,3.17,20.81,"(2627, 50)",1.6495,2.146,23.0989
midbrain-neurons,33,MB,552,38,3.21,20.81,"(552, 50)",2.181,2.69,19.7439
midbrain-neurons,34,MB,1350,42,3.17,20.81,"(1350, 50)",1.6894,3.2373,14.488
midbrain-neurons,35,MB,4765,46,3.17,20.81,"(4765, 50)",1.207,1.6611,11.5041
midbrain-neurons,36,MB,3197,46,3.17,20.81,"(3197, 50)",1.1385,1.3443,23.1351
midbrain-neurons,37,MB,4498,47,3.17,20.81,"(4498, 50)",1.5314,2.421,12.7071
midbrain-neurons,38,MB,403,31,3.22,20.81,"(403, 50)",2.3592,2.9474,27.8181
midbrain-neurons,39,MB,4764,46,3.17,20.81,"(4764, 50)",1.255,1.748,12.4877
opc-olig,0,ACC,27499,51,3.17,20.81,"(27499, 50)",0.8068,0.7736,7.371
opc-olig,1,ACC,1357,50,3.17,20.81,"(1357, 50)",3.2518,1.1344,8.6381
opc-olig,2,ACC,4860,50,3.17,20.81,"(4860, 50)",1.1209,0.8979,10.0685
opc-olig,3,ACC,40384,50,3.17,20.81,"(40384, 50)",0.8137,0.7184,7.3925
opc-olig,4,ACC,8964,51,3.17,20.81,"(8964, 50)",1.836,5.8815,11.8068
opc-olig,5,ACC,1895,45,3.17,20.81,"(1895, 50)",0.904,0.6432,8.9198
opc-olig,6,ACC,8996,50,3.17,20.81,"(8996, 50)",1.0984,0.7453,8.2242
opc-olig,7,ACC,10425,49,3.17,20.81,"(10425, 50)",0.8805,0.8376,8.3838
opc-olig,8,ACC,1776,51,3.17,20.81,"(1776, 50)",3.9564,7.3507,16.5481
opc-olig,9,ACC,7910,48,3.17,20.81,"(7910, 50)",0.888,0.8472,8.8552
opc-olig,10,ACC,955,50,3.17,20.81,"(955, 50)",1.6166,1.1884,8.2879
opc-olig,11,ACC,9400,51,3.17,20.81,"(9400, 50)",0.8065,0.7402,7.2421
opc-olig,12,ACC,22745,50,3.17,20.81,"(22745, 50)",4.1355,1.5412,22.3263
opc-olig,13,ACC,3045,50,3.17,20.81,"(3045, 50)",4.374,5.7084,25.1729
opc-olig,0,CN,1407,51,3.17,20.81,"(1407, 50)",0.9229,0.8927,7.3948
opc-olig,1,CN,528,50,3.17,20.81,"(528, 50)",3.6172,1.6646,9.7163
opc-olig,2,CN,483,46,3.17,20.81,"(483, 50)",1.8835,1.0223,10.3689
opc-olig,3,CN,9323,51,3.17,20.81,"(9323, 50)",0.9777,0.8058,7.6044
opc-olig,4,CN,9141,51,3.17,20.81,"(9141, 50)",2.2319,4.7935,12.828
opc-olig,5,CN,3165,51,3.17,20.81,"(3165, 50)",1.814,1.045,10.3013
opc-olig,6,CN,8668,51,3.17,20.81,"(8668, 50)",1.2507,0.8672,8.6043
opc-olig,7,CN,2241,41,3.17,20.81,"(2241, 50)",1.3466,1.0206,8.9611
opc-olig,8,CN,1567,50,3.17,20.81,"(1567, 50)",4.5691,5.2006,19.5049
opc-olig,9,CN,1184,44,3.17,20.81,"(1184, 50)",1.0392,1.0217,9.0643
opc-olig,10,CN,626,51,3.17,20.81,"(626, 50)",9.4659,4.9813,22.4881
opc-olig,11,CN,2106,49,3.17,20.81,"(2106, 50)",0.8684,0.8152,7.3703
opc-olig,12,CN,6477,51,3.17,20.81,"(6477, 50)",4.3292,1.883,23.2851
opc-olig,13,CN,2370,50,3.17,20.81,"(2370, 50)",5.1732,4.1933,25.1204
opc-olig,0,EC,1481,51,3.17,20.81,"(1481, 50)",0.979,1.047,7.5674
opc-olig,1,EC,213,52,3.17,20.81,"(213, 50)",2.3324,1.1951,8.6724
opc-olig,2,EC,922,49,3.17,20.81,"(922, 50)",2.0466,1.2834,10.6022
opc-olig,3,EC,5155,52,3.17,20.81,"(5155, 50)",0.9958,0.9023,7.6758
opc-olig,4,EC,7177,52,3.17,20.81,"(7177, 50)",2.5412,6.574,14.2556
opc-olig,5,EC,2277,48,3.17,20.81,"(2277, 50)",1.7773,1.1244,10.2604
opc-olig,6,EC,4326,51,3.17,20.81,"(4326, 50)",1.4088,1.0447,8.7413
opc-olig,7,EC,1147,38,3.17,20.81,"(1147, 50)",1.3819,1.2659,9.1422
opc-olig,8,EC,1131,52,3.17,20.81,"(1131, 50)",5.8277,7.3119,20.0361
opc-olig,9,EC,842,47,3.18,20.81,"(842, 50)",1.1212,1.1335,8.9706
opc-olig,10,EC,159,48,3.17,20.81,"(159, 50)",4.8712,2.6488,10.5349
opc-olig,11,EC,1059,48,3.18,20.81,"(1059, 50)",1.0371,1.0696,7.5388
opc-olig,12,EC,8824,52,3.17,20.81,"(8824, 50)",3.7555,2.0958,25.1993
opc-olig,13,EC,4057,52,3.17,20.81,"(4057, 50)",5.1917,5.9096,24.9583
opc-olig,0,HIP,12509,52,3.17,20.81,"(12509, 50)",0.8586,0.9297,7.8182
opc-olig,1,HIP,1206,52,3.17,20.81,"(1206, 50)",1.6887,1.0804,8.573
opc-olig,2,HIP,3227,52,3.17,20.81,"(3227, 50)",1.3939,1.1753,10.3603
opc-olig,3,HIP,19775,52,3.17,20.81,"(19775, 50)",0.9133,0.8637,7.7189
opc-olig,4,HIP,11730,52,3.17,20.81,"(11730, 50)",2.1592,6.6415,13.2668
opc-olig,5,HIP,2188,47,3.17,20.81,"(2188, 50)",1.1901,0.7962,9.4811
opc-olig,6,HIP,8915,52,3.17,20.81,"(8915, 50)",1.2152,0.8713,8.5554
opc-olig,7,HIP,7358,52,3.17,20.81,"(7358, 50)",1.0341,1.0717,8.9498
opc-olig,8,HIP,1441,52,3.17,20.81,"(1441, 50)",3.5591,7.7066,15.9947
opc-olig,9,HIP,11409,52,3.17,20.81,"(11409, 50)",1.0284,0.975,9.092
opc-olig,10,HIP,710,52,3.17,20.81,"(710, 50)",3.0166,1.6738,8.8403
opc-olig,11,HIP,6182,52,3.17,20.81,"(6182, 50)",0.9195,0.9525,7.5688
opc-olig,12,HIP,12783,52,3.17,20.81,"(12783, 50)",4.1137,1.6901,23.9316
opc-olig,13,HIP,3142,52,3.17,20.81,"(3142, 50)",5.1017,7.1566,25.7144
opc-olig,0,IPP,77826,53,3.17,20.81,"(77826, 50)",0.7073,0.8504,7.33
opc-olig,1,IPP,2911,48,3.17,20.81,"(2911, 50)",2.2796,1.0579,8.3624
opc-olig,2,IPP,6200,51,3.17,20.81,"(6200, 50)",0.853,1.1349,10.2624
opc-olig,3,IPP,43596,53,3.17,20.81,"(43596, 50)",0.7071,0.7169,6.9505
opc-olig,4,IPP,35949,53,3.17,20.81,"(35949, 50)",1.7401,5.7703,12.0169
opc-olig,5,IPP,787,42,3.17,20.81,"(787, 50)",0.5763,0.6142,8.6029
opc-olig,6,IPP,13881,52,3.17,20.81,"(13881, 50)",1.0991,0.8391,7.9974
opc-olig,7,IPP,20536,53,3.17,20.81,"(20536, 50)",0.7498,0.9387,8.2906
opc-olig,8,IPP,7027,52,3.17,20.81,"(7027, 50)",5.8135,9.0101,20.1555
opc-olig,9,IPP,17904,52,3.17,20.81,"(17904, 50)",0.782,1.0161,8.7798
opc-olig,10,IPP,1788,48,3.17,20.81,"(1788, 50)",1.5396,1.3422,8.0173
opc-olig,11,IPP,37902,53,3.17,20.81,"(37902, 50)",0.7569,0.7458,7.2151
opc-olig,12,IPP,29384,53,3.17,20.81,"(29384, 50)",4.3519,1.6354,20.7416
opc-olig,13,IPP,6966,52,3.17,20.81,"(6966, 50)",4.9246,5.8131,23.0345
opc-olig,0,M1,5047,52,3.17,20.81,"(5047, 50)",0.8354,1.0201,7.9284
opc-olig,1,M1,467,51,3.17,20.81,"(467, 50)",2.1742,1.2139,8.7145
opc-olig,2,M1,6378,52,3.17,20.81,"(6378, 50)",1.4704,1.2078,10.6311
opc-olig,3,M1,9918,52,3.17,20.81,"(9918, 50)",0.8594,0.8633,7.7522
opc-olig,4,M1,11224,52,3.17,20.81,"(11224, 50)",2.1149,6.4041,13.6056
opc-olig,5,M1,10182,51,3.17,20.81,"(10182, 50)",1.4673,0.9255,9.6237
opc-olig,6,M1,9415,52,3.17,20.81,"(9415, 50)",1.132,0.9553,8.782
opc-olig,7,M1,12600,52,3.17,20.81,"(12600, 50)",1.1064,1.0073,9.1179
opc-olig,8,M1,1806,52,3.17,20.81,"(1806, 50)",3.9371,8.5023,21.2156
opc-olig,9,M1,3861,52,3.17,20.81,"(3861, 50)",0.9425,1.0665,9.0221
opc-olig,10,M1,401,52,3.17,20.81,"(401, 50)",1.0665,1.9665,8.5946
opc-olig,11,M1,5315,52,3.17,20.81,"(5315, 50)",0.9256,0.891,8.0329
opc-olig,12,M1,6258,52,3.17,20.81,"(6258, 50)",3.3073,1.8773,24.8024
opc-olig,13,M1,1300,52,3.17,20.81,"(1300, 50)",4.4779,3.8634,24.6534
opc-olig,0,MB,9901,47,3.17,20.81,"(9901, 50)",0.8507,0.8657,7.9165
opc-olig,1,MB,558,47,3.17,20.81,"(558, 50)",1.6118,0.9229,8.2339
opc-olig,2,MB,36683,47,3.17,20.81,"(36683, 50)",2.2518,1.1817,11.6681
opc-olig,3,MB,11969,46,3.17,20.81,"(11969, 50)",0.8802,0.7168,7.7477
opc-olig,4,MB,4115,47,3.17,20.81,"(4115, 50)",2.582,4.8842,12.3316
opc-olig,5,MB,32302,46,3.17,20.81,"(32302, 50)",2.3288,1.1119,10.1669
opc-olig,6,MB,16747,47,3.17,20.81,"(16747, 50)",1.0347,0.7317,8.521
opc-olig,7,MB,15129,46,3.17,19.93,"(15129, 50)",1.2386,0.9486,9.4651
opc-olig,8,MB,262,45,3.17,20.81,"(262, 50)",8.9842,5.6376,17.8723
opc-olig,9,MB,5062,46,3.17,20.81,"(5062, 50)",0.9274,0.825,8.8381
opc-olig,10,MB,702,47,3.17,20.81,"(702, 50)",2.5663,1.4118,8.8398
opc-olig,11,MB,4286,46,3.17,20.81,"(4286, 50)",0.846,0.7718,7.6947
opc-olig,12,MB,7205,46,3.17,20.81,"(7205, 50)",2.831,1.5599,25.076
opc-olig,13,MB,169,45,3.17,20.81,"(169, 50)",5.2409,3.5395,21.3629
opc-olig,0,NAc,7332,52,3.17,20.81,"(7332, 50)",0.9159,0.8618,7.5775
opc-olig,1,NAc,640,51,3.17,20.81,"(640, 50)",2.037,1.0297,8.2744
opc-olig,2,NAc,4468,52,3.17,20.81,"(4468, 50)",1.7248,1.1243,10.2144
opc-olig,3,NAc,15538,52,3.17,20.81,"(15538, 50)",0.9018,0.7381,7.4386
opc-olig,4,NAc,8360,52,3.17,20.81,"(8360, 50)",2.1002,4.2593,11.7095
opc-olig,5,NAc,5944,49,3.17,20.81,"(5944, 50)",1.6466,0.9351,9.9384
opc-olig,6,NAc,13605,51,3.17,20.81,"(13605, 50)",1.208,0.7966,8.4448
opc-olig,7,NAc,5977,49,3.17,20.81,"(5977, 50)",1.1152,0.8999,8.7138
opc-olig,8,NAc,833,51,3.17,20.81,"(833, 50)",3.6172,4.4357,13.9962
opc-olig,9,NAc,3585,50,3.17,20.81,"(3585, 50)",0.967,0.9111,8.7235
opc-olig,10,NAc,1071,51,3.17,20.81,"(1071, 50)",10.5991,2.313,17.4381
opc-olig,11,NAc,3301,51,3.17,20.81,"(3301, 50)",0.9552,0.8147,7.3785
opc-olig,12,NAc,10036,52,3.17,20.81,"(10036, 50)",3.7882,1.8488,24.447
opc-olig,13,NAc,1507,51,3.17,20.81,"(1507, 50)",5.4374,3.9596,23.5713
opc-olig,0,dlPFC,3893,51,3.17,20.81,"(3893, 50)",0.8907,0.9034,7.7924
opc-olig,1,dlPFC,465,50,3.17,20.81,"(465, 50)",5.2321,1.6753,10.2864
opc-olig,2,dlPFC,3121,49,3.17,20.81,"(3121, 50)",1.5007,1.0042,10.3047
opc-olig,3,dlPFC,9579,49,3.17,20.81,"(9579, 50)",0.9388,0.8465,7.7589
opc-olig,4,dlPFC,4121,50,3.17,20.81,"(4121, 50)",2.0427,7.0597,13.3888
opc-olig,5,dlPFC,5229,48,3.17,20.81,"(5229, 50)",1.5835,0.9093,9.5899
opc-olig,6,dlPFC,7869,50,3.17,20.81,"(7869, 50)",1.1856,0.8651,8.5868
opc-olig,7,dlPFC,4136,48,3.17,20.81,"(4136, 50)",1.1105,0.9818,8.9979
opc-olig,8,dlPFC,969,49,3.17,20.81,"(969, 50)",5.2938,9.0045,20.182
opc-olig,9,dlPFC,2591,48,3.17,20.81,"(2591, 50)",0.9848,0.994,8.9382
opc-olig,10,dlPFC,1791,50,3.17,20.81,"(1791, 50)",6.7252,3.8293,21.8319
opc-olig,11,dlPFC,2740,50,3.17,20.81,"(2740, 50)",0.9403,0.914,7.7001
opc-olig,12,dlPFC,7278,50,3.17,20.81,"(7278, 50)",4.2717,1.8724,24.2749
opc-olig,13,dlPFC,2133,51,3.17,20.81,"(2133, 50)",4.5556,6.2629,26.1689
opc-olig,0,lCb,2673,45,3.17,20.81,"(2673, 50)",0.9223,0.9158,7.9752
opc-olig,1,lCb,143,38,3.17,20.81,"(143, 50)",2.2002,1.0338,8.2904
opc-olig,2,lCb,4180,46,3.17,20.81,"(4180, 50)",1.8086,1.1019,10.9433
opc-olig,3,lCb,4425,47,3.17,20.81,"(4425, 50)",0.9091,0.7452,7.6907
opc-olig,4,lCb,790,46,3.17,20.81,"(790, 50)",1.8787,3.1656,10.1694
opc-olig,5,lCb,4463,43,3.17,20.81,"(4463, 50)",1.473,0.8141,9.4925
opc-olig,6,lCb,3190,43,3.17,20.81,"(3190, 50)",1.1563,0.7866,8.5041
opc-olig,7,lCb,3947,44,3.17,20.81,"(3947, 50)",1.1785,0.8993,9.1551
opc-olig,8,lCb,318,47,3.17,20.81,"(318, 50)",2.4412,2.4619,11.5849
opc-olig,9,lCb,1278,43,3.17,20.81,"(1278, 50)",0.9729,0.8184,8.9885
opc-olig,10,lCb,187,39,3.17,20.81,"(187, 50)",3.8441,0.7625,8.6514
opc-olig,11,lCb,1324,40,3.18,20.81,"(1324, 50)",0.8663,0.7536,7.5895
opc-olig,12,lCb,8447,47,3.17,20.81,"(8447, 50)",3.1796,1.9938,24.8321
opc-olig,13,lCb,344,44,3.17,20.81,"(344, 50)",4.7551,3.7707,22.4954
opc-olig,0,mdTN,19777,52,3.17,20.81,"(19777, 50)",0.8533,0.8597,7.4721
opc-olig,1,mdTN,913,52,3.17,20.81,"(913, 50)",2.0001,0.9742,8.1176
opc-olig,2,mdTN,15211,52,3.17,20.81,"(15211, 50)",1.8615,1.1574,10.4461
opc-olig,3,mdTN,25765,52,3.17,20.81,"(25765, 50)",0.9156,0.7311,7.328
opc-olig,4,mdTN,14693,52,3.17,20.81,"(14693, 50)",2.3411,5.9205,13.329
opc-olig,5,mdTN,23728,51,3.17,20.81,"(23728, 50)",1.7148,0.9753,9.7836
opc-olig,6,mdTN,26231,52,3.17,20.81,"(26231, 50)",1.1127,0.7721,8.3072
opc-olig,7,mdTN,12970,52,3.17,20.81,"(12970, 50)",1.2587,0.933,8.7081
opc-olig,8,mdTN,998,52,3.17,20.81,"(998, 50)",5.6762,4.7213,13.4875
opc-olig,9,mdTN,5545,52,3.17,20.81,"(5545, 50)",1.007,0.9521,8.8186
opc-olig,10,mdTN,6776,52,3.17,20.81,"(6776, 50)",2.4501,2.4759,17.4256
opc-olig,11,mdTN,9034,52,3.17,20.81,"(9034, 50)",0.9012,0.8009,7.2951
opc-olig,12,mdTN,16150,52,3.17,20.81,"(16150, 50)",3.8915,1.7934,24.1673
opc-olig,13,mdTN,870,52,3.17,20.81,"(870, 50)",5.1048,4.4717,22.8499
vascular-cells,0,ACC,1700,50,3.17,20.81,"(1700, 50)",1.1663,1.2594,9.5424
vascular-cells,1,ACC,1060,46,3.17,20.81,"(1060, 50)",3.0564,3.0548,17.355
vascular-cells,2,ACC,2487,51,3.17,20.81,"(2487, 50)",1.1759,1.1033,9.2011
vascular-cells,3,ACC,1008,47,3.17,20.81,"(1008, 50)",2.8712,2.7746,20.1152
vascular-cells,4,ACC,553,50,3.17,20.81,"(553, 50)",5.0,3.0382,18.8658
vascular-cells,5,ACC,2717,51,3.17,20.81,"(2717, 50)",1.1683,1.1054,7.2328
vascular-cells,6,ACC,155,42,3.18,20.81,"(155, 50)",6.2164,4.3593,22.9602
vascular-cells,7,ACC,1840,50,3.17,20.81,"(1840, 50)",1.3538,1.6003,8.924
vascular-cells,8,ACC,1507,51,3.17,20.81,"(1507, 50)",5.3547,4.6975,20.3793
vascular-cells,9,ACC,471,48,3.17,20.81,"(471, 50)",5.4975,3.6387,15.8824
vascular-cells,11,ACC,3702,50,3.17,20.81,"(3702, 50)",0.8,0.739,8.0239
vascular-cells,12,ACC,1294,51,3.17,20.81,"(1294, 50)",2.0124,2.0036,11.3669
vascular-cells,13,ACC,2496,50,3.17,20.81,"(2496, 50)",3.8027,4.073,15.1111
vascular-cells,14,ACC,1580,51,3.17,20.81,"(1580, 50)",2.1437,2.9862,14.927
vascular-cells,15,ACC,1145,50,3.17,20.81,"(1145, 50)",0.7315,0.784,7.0959
vascular-cells,16,ACC,765,50,3.17,20.81,"(765, 50)",5.4137,3.0555,16.9888
vascular-cells,17,ACC,2258,50,3.17,20.81,"(2258, 50)",1.0602,1.4491,10.1471
vascular-cells,18,ACC,748,49,3.17,20.81,"(748, 50)",2.2073,3.4928,16.6368
vascular-cells,19,ACC,992,49,3.17,20.81,"(992, 50)",2.1693,3.2867,11.9991
vascular-cells,0,CN,895,50,3.17,20.81,"(895, 50)",1.4053,1.121,9.4515
vascular-cells,2,CN,2684,51,3.17,20.81,"(2684, 50)",2.0002,1.3137,10.3027
vascular-cells,4,CN,344,49,3.17,20.81,"(344, 50)",4.2225,2.7568,16.9758
vascular-cells,5,CN,953,48,3.17,20.81,"(953, 50)",1.0843,1.0706,7.5104
vascular-cells,6,CN,668,50,3.17,20.81,"(668, 50)",4.3509,3.5801,19.6747
vascular-cells,7,CN,1814,51,3.17,20.81,"(1814, 50)",1.5648,1.6534,10.1845
vascular-cells,8,CN,904,50,3.17,20.81,"(904, 50)",6.9208,4.4827,21.7128
vascular-cells,9,CN,215,46,3.17,20.81,"(215, 50)",3.7437,2.8098,15.7874
vascular-cells,11,CN,1751,51,3.17,20.81,"(1751, 50)",1.2392,0.7913,8.5379
vascular-cells,12,CN,462,50,3.17,20.81,"(462, 50)",2.6427,2.3156,12.3318
vascular-cells,13,CN,245,47,3.17,20.81,"(245, 50)",3.3499,3.6365,15.5694
vascular-cells,14,CN,835,51,3.17,20.81,"(835, 50)",2.8362,2.7476,15.1539
vascular-cells,15,CN,163,44,3.17,20.81,"(163, 50)",0.6848,0.7426,7.0253
vascular-cells,16,CN,394,49,3.17,20.81,"(394, 50)",3.5694,3.0368,16.0946
vascular-cells,17,CN,1323,51,3.17,20.81,"(1323, 50)",1.2821,1.5755,11.2848
vascular-cells,19,CN,1319,51,3.17,20.81,"(1319, 50)",2.4058,2.7675,13.1485
vascular-cells,0,EC,773,51,3.17,20.81,"(773, 50)",1.8926,1.7741,10.589
vascular-cells,1,EC,1235,50,3.17,20.81,"(1235, 50)",2.9514,4.3708,21.8862
vascular-cells,2,EC,1314,52,3.17,20.81,"(1314, 50)",2.4065,1.6301,10.9457
vascular-cells,3,EC,791,49,3.17,20.81,"(791, 50)",3.0288,4.8175,23.323
vascular-cells,4,EC,215,48,3.18,20.81,"(215, 50)",5.9696,4.7912,18.5096
vascular-cells,5,EC,360,46,3.17,20.81,"(360, 50)",1.4917,1.186,7.5428
vascular-cells,6,EC,135,43,3.18,20.81,"(135, 50)",7.4847,4.3235,23.2022
vascular-cells,7,EC,1480,52,3.17,20.81,"(1480, 50)",1.6502,1.703,9.5788
vascular-cells,8,EC,1150,52,3.17,20.81,"(1150, 50)",10.6982,5.634,22.9751
vascular-cells,9,EC,370,49,3.17,20.81,"(370, 50)",6.144,5.1416,21.0366
vascular-cells,11,EC,1773,51,3.17,20.81,"(1773, 50)",1.4203,0.9149,8.8525
vascular-cells,12,EC,702,49,3.17,20.81,"(702, 50)",3.3917,3.0713,13.6096
vascular-cells,13,EC,1971,52,3.17,20.81,"(1971, 50)",3.9145,6.4697,18.5936
vascular-cells,14,EC,807,51,3.17,20.81,"(807, 50)",3.2256,3.7288,16.4964
vascular-cells,15,EC,147,42,3.17,20.81,"(147, 50)",0.7985,0.8177,7.1784
vascular-cells,16,EC,530,52,3.17,20.81,"(530, 50)",5.3055,4.6171,20.9607
vascular-cells,17,EC,923,52,3.17,20.81,"(923, 50)",1.3224,1.7925,11.6879
vascular-cells,18,EC,537,51,3.17,20.81,"(537, 50)",2.3215,2.5467,15.2891
vascular-cells,19,EC,846,52,3.17,20.81,"(846, 50)",2.8378,3.5922,14.1458
vascular-cells,0,HIP,1217,51,3.17,20.81,"(1217, 50)",1.4069,1.3965,10.137
vascular-cells,2,HIP,1462,50,3.17,20.81,"(1462, 50)",1.4606,1.178,9.9988
vascular-cells,4,HIP,367,50,3.17,20.81,"(367, 50)",2.9862,3.0951,16.1656
vascular-cells,5,HIP,858,51,3.17,20.81,"(858, 50)",1.2184,1.1478,7.8727
vascular-cells,6,HIP,110,42,3.17,20.81,"(110, 50)",4.481,4.0439,20.4362
vascular-cells,7,HIP,1341,51,3.17,20.81,"(1341, 50)",1.4131,1.5916,9.3808
vascular-cells,8,HIP,998,51,3.17,20.81,"(998, 50)",6.7104,5.8318,24.2562
vascular-cells,9,HIP,172,42,3.17,17.93,"(172, 50)",5.5546,4.0621,17.804
vascular-cells,11,HIP,2171,50,3.17,20.81,"(2171, 50)",0.9894,0.8171,8.4629
vascular-cells,12,HIP,943,50,3.17,20.81,"(943, 50)",2.2833,2.1723,12.136
vascular-cells,13,HIP,1111,51,3.17,20.81,"(1111, 50)",3.5527,4.1037,15.823
vascular-cells,14,HIP,913,50,3.17,20.81,"(913, 50)",2.1639,2.884,15.9
vascular-cells,15,HIP,522,50,3.17,20.81,"(522, 50)",0.821,0.7591,7.5811
vascular-cells,16,HIP,329,51,3.17,20.81,"(329, 50)",4.3651,3.0243,16.9906
vascular-cells,17,HIP,1351,52,3.17,20.81,"(1351, 50)",1.155,1.4961,10.9905
vascular-cells,18,HIP,847,52,3.17,20.81,"(847, 50)",2.6687,4.1159,18.981
vascular-cells,19,HIP,839,51,3.17,20.81,"(839, 50)",2.5726,3.891,13.5301
vascular-cells,0,IPP,3253,50,3.17,20.81,"(3253, 50)",1.3001,1.3903,9.0588
vascular-cells,1,IPP,947,43,3.17,20.81,"(947, 50)",3.1802,2.6732,16.4746
vascular-cells,2,IPP,2736,51,3.17,20.81,"(2736, 50)",0.9727,1.052,9.0181
vascular-cells,3,IPP,1958,42,3.17,20.81,"(1958, 50)",3.186,2.9336,18.3631
vascular-cells,4,IPP,1669,49,3.17,20.81,"(1669, 50)",4.5907,2.9595,15.9085
vascular-cells,5,IPP,8007,52,3.17,20.81,"(8007, 50)",1.1211,1.091,7.2674
vascular-cells,6,IPP,235,35,3.17,20.81,"(235, 50)",4.192,3.4681,17.0482
vascular-cells,7,IPP,8440,51,3.17,20.81,"(8440, 50)",1.2817,1.5429,9.0093
vascular-cells,8,IPP,4315,50,3.17,20.81,"(4315, 50)",4.938,5.4207,20.6773
vascular-cells,9,IPP,1048,45,3.17,20.81,"(1048, 50)",5.0193,3.4957,15.4758
vascular-cells,11,IPP,4384,52,3.17,20.81,"(4384, 50)",0.7425,0.743,7.9599
vascular-cells,12,IPP,2480,48,3.17,20.81,"(2480, 50)",2.0384,2.0136,11.0104
vascular-cells,13,IPP,8009,51,3.17,20.81,"(8009, 50)",3.59,4.026,14.1172
vascular-cells,14,IPP,4890,51,3.17,20.81,"(4890, 50)",2.0059,2.2898,12.4221
vascular-cells,15,IPP,4895,52,3.17,20.81,"(4895, 50)",0.7353,0.7519,7.3153
vascular-cells,16,IPP,1660,46,3.17,20.81,"(1660, 50)",4.493,2.9945,14.8685
vascular-cells,17,IPP,6057,52,3.17,20.81,"(6057, 50)",0.9644,1.2685,9.4566
vascular-cells,18,IPP,4209,49,3.17,20.81,"(4209, 50)",1.958,3.0159,16.0783
vascular-cells,19,IPP,6293,51,3.17,20.81,"(6293, 50)",1.8959,3.1323,11.8203
vascular-cells,0,M1,1909,52,3.17,20.81,"(1909, 50)",1.3511,1.3645,10.1005
vascular-cells,1,M1,421,42,3.17,20.81,"(421, 50)",2.7442,3.5023,21.4719
vascular-cells,2,M1,4677,52,3.17,20.81,"(4677, 50)",1.4873,1.2373,10.0115
vascular-cells,3,M1,525,40,3.17,20.81,"(525, 50)",2.9721,3.2358,24.3074
vascular-cells,4,M1,566,52,3.17,20.81,"(566, 50)",5.7528,3.4413,19.3596
vascular-cells,5,M1,922,52,3.17,20.81,"(922, 50)",1.0543,1.1319,7.5632
vascular-cells,7,M1,1872,52,3.17,20.81,"(1872, 50)",1.3222,1.5819,9.4131
vascular-cells,8,M1,1238,52,3.17,20.81,"(1238, 50)",6.3211,5.0817,23.1952
vascular-cells,9,M1,1075,52,3.17,20.81,"(1075, 50)",4.1345,3.73,19.0447
vascular-cells,11,M1,4520,52,3.17,20.81,"(4520, 50)",1.0022,0.7448,8.607
vascular-cells,12,M1,1085,52,3.17,20.81,"(1085, 50)",2.6445,2.2715,12.9389
vascular-cells,13,M1,1072,51,3.17,20.81,"(1072, 50)",4.6975,4.7339,18.2615
vascular-cells,14,M1,2128,52,3.17,20.81,"(2128, 50)",2.466,2.8247,16.2465
vascular-cells,15,M1,174,48,3.17,20.81,"(174, 50)",0.6231,0.7389,7.199
vascular-cells,16,M1,447,51,3.17,20.81,"(447, 50)",4.5824,3.7173,17.2354
vascular-cells,17,M1,1959,52,3.17,20.81,"(1959, 50)",1.0813,1.5137,11.518
vascular-cells,18,M1,923,52,3.17,20.81,"(923, 50)",2.2326,3.3636,18.1414
vascular-cells,19,M1,1376,52,3.17,20.81,"(1376, 50)",2.3592,3.5756,13.3262
vascular-cells,0,MB,1088,45,3.17,19.93,"(1088, 50)",1.2909,0.9223,9.3987
vascular-cells,1,MB,263,35,3.18,19.93,"(263, 50)",2.508,3.4886,21.7321
vascular-cells,2,MB,3339,45,3.17,19.93,"(3339, 50)",2.2341,1.2868,10.8252
vascular-cells,3,MB,894,45,3.18,20.81,"(894, 50)",2.5116,3.3776,25.4843
vascular-cells,4,MB,829,46,3.17,20.81,"(829, 50)",5.2978,3.7256,21.4259
vascular-cells,5,MB,463,46,3.17,20.81,"(463, 50)",1.1349,1.0685,7.7699
vascular-cells,6,MB,215,43,3.17,20.81,"(215, 50)",4.9134,3.7485,28.9544
vascular-cells,7,MB,552,43,3.18,19.93,"(552, 50)",1.637,1.6233,9.54
vascular-cells,8,MB,265,43,3.17,20.81,"(265, 50)",9.7642,4.6744,20.2648
vascular-cells,9,MB,679,46,3.17,20.81,"(679, 50)",6.2227,4.4781,20.2337
vascular-cells,10,MB,1165,39,3.18,20.81,"(1165, 50)",3.5974,3.2471,29.6593
vascular-cells,11,MB,3721,45,3.17,19.93,"(3721, 50)",1.4024,0.775,9.2663
vascular-cells,12,MB,1185,46,3.17,20.81,"(1185, 50)",3.205,2.705,13.7411
vascular-cells,13,MB,2065,46,3.17,20.81,"(2065, 50)",3.9686,3.9636,18.7734
vascular-cells,14,MB,2603,46,3.17,20.81,"(2603, 50)",2.8987,2.5936,17.6324
vascular-cells,16,MB,157,41,3.17,19.93,"(157, 50)",5.018,2.8453,15.2398
vascular-cells,17,MB,1532,45,3.17,19.93,"(1532, 50)",1.1104,1.3818,11.863
vascular-cells,19,MB,130,35,3.18,19.93,"(130, 50)",2.3765,2.7603,13.0503
vascular-cells,0,NAc,946,51,3.17,20.81,"(946, 50)",1.6206,1.3257,10.752
vascular-cells,1,NAc,696,24,3.18,19.93,"(696, 50)",2.7871,3.6212,21.6008
vascular-cells,2,NAc,1620,50,3.17,20.81,"(1620, 50)",1.9349,1.2886,10.4091
vascular-cells,4,NAc,438,51,3.17,20.81,"(438, 50)",5.5784,3.7037,19.1972
vascular-cells,5,NAc,384,48,3.17,19.93,"(384, 50)",1.4588,1.2057,7.6965
vascular-cells,6,NAc,232,49,3.17,20.81,"(232, 50)",6.5349,4.1255,22.3439
vascular-cells,7,NAc,946,50,3.17,20.81,"(946, 50)",1.654,1.6178,9.7301
vascular-cells,8,NAc,476,50,3.17,20.81,"(476, 50)",4.326,3.8215,18.3517
vascular-cells,9,NAc,203,39,3.17,20.81,"(203, 50)",6.4011,3.8554,18.9913
vascular-cells,11,NAc,1797,50,3.17,20.81,"(1797, 50)",1.2762,0.7926,8.7343
vascular-cells,12,NAc,497,47,3.17,20.81,"(497, 50)",2.5354,2.4398,13.0532
vascular-cells,13,NAc,1244,49,3.17,20.81,"(1244, 50)",3.6724,4.3589,17.7272
vascular-cells,14,NAc,811,49,3.17,20.81,"(811, 50)",2.5709,2.6511,17.1056
vascular-cells,15,NAc,156,47,3.17,20.81,"(156, 50)",0.7154,0.8086,7.1412
vascular-cells,16,NAc,294,49,3.17,20.81,"(294, 50)",4.7476,3.6287,17.8791
vascular-cells,17,NAc,1013,50,3.17,20.81,"(1013, 50)",1.2553,1.5568,11.3004
vascular-cells,18,NAc,124,36,3.18,20.81,"(124, 50)",2.3505,2.4122,15.9345
vascular-cells,19,NAc,306,49,3.17,20.81,"(306, 50)",2.4013,2.4438,12.3774
vascular-cells,0,dlPFC,1308,48,3.17,20.81,"(1308, 50)",1.5838,1.5811,10.5403
vascular-cells,1,dlPFC,511,43,3.17,20.81,"(511, 50)",3.206,3.8051,21.2053
vascular-cells,2,dlPFC,3920,51,3.17,20.81,"(3920, 50)",1.8226,1.3478,10.3686
vascular-cells,3,dlPFC,847,45,3.17,20.81,"(847, 50)",3.2091,3.4863,23.9743
vascular-cells,4,dlPFC,240,47,3.17,20.81,"(240, 50)",4.883,4.2375,18.0321
vascular-cells,5,dlPFC,689,48,3.17,20.81,"(689, 50)",1.2895,1.2504,7.6433
vascular-cells,7,dlPFC,1529,48,3.17,20.81,"(1529, 50)",1.3995,1.5764,9.2856
vascular-cells,8,dlPFC,1386,50,3.17,20.81,"(1386, 50)",7.1141,5.6008,24.3655
vascular-cells,9,dlPFC,767,47,3.17,20.81,"(767, 50)",5.7768,4.6453,18.6321
vascular-cells,11,dlPFC,2707,50,3.17,20.81,"(2707, 50)",1.07,0.8021,8.5126
vascular-cells,12,dlPFC,940,49,3.17,20.81,"(940, 50)",3.0617,2.542,13.1837
vascular-cells,13,dlPFC,1516,49,3.17,20.81,"(1516, 50)",4.2435,5.3757,18.0154
vascular-cells,14,dlPFC,1774,49,3.17,20.81,"(1774, 50)",2.827,3.4385,16.4584
vascular-cells,15,dlPFC,193,47,3.17,20.81,"(193, 50)",0.8261,0.8864,7.0758
vascular-cells,16,dlPFC,589,49,3.17,20.81,"(589, 50)",6.3112,3.7741,20.085
vascular-cells,17,dlPFC,1610,48,3.17,20.81,"(1610, 50)",1.1954,1.63,11.5585
vascular-cells,18,dlPFC,866,48,3.17,20.81,"(866, 50)",2.1779,3.3927,16.9021
vascular-cells,19,dlPFC,1281,49,3.17,20.81,"(1281, 50)",2.6208,3.7452,13.6507
vascular-cells,0,lCb,864,46,3.17,20.81,"(864, 50)",1.4682,1.0672,10.1448
vascular-cells,1,lCb,371,40,3.17,20.81,"(371, 50)",2.9235,3.5592,20.1569
vascular-cells,3,lCb,1292,46,3.17,20.81,"(1292, 50)",2.5424,3.0148,22.9065
vascular-cells,7,lCb,700,42,3.17,17.93,"(700, 50)",1.5847,1.5505,9.4779
vascular-cells,9,lCb,893,45,3.17,20.81,"(893, 50)",4.8323,4.1746,24.9755
vascular-cells,10,lCb,2173,46,3.17,20.81,"(2173, 50)",5.4046,5.6339,29.1932
vascular-cells,11,lCb,2146,46,3.17,20.81,"(2146, 50)",1.2507,0.7697,8.663
vascular-cells,12,lCb,504,45,3.17,20.81,"(504, 50)",2.3816,1.531,12.2745
vascular-cells,13,lCb,3937,46,3.17,20.81,"(3937, 50)",3.1416,3.3248,17.6846
vascular-cells,15,lCb,182,42,3.17,20.81,"(182, 50)",0.8557,0.7993,7.177
vascular-cells,0,mdTN,1086,50,3.18,20.81,"(1086, 50)",1.1493,1.0155,8.7517
vascular-cells,2,mdTN,2552,51,3.18,20.81,"(2552, 50)",1.6679,1.2393,9.7749
vascular-cells,3,mdTN,300,35,3.18,20.81,"(300, 50)",2.7603,3.2554,21.5383
vascular-cells,4,mdTN,1439,52,3.17,20.81,"(1439, 50)",4.4786,3.0501,20.2619
vascular-cells,5,mdTN,1689,52,3.17,20.81,"(1689, 50)",1.1045,1.1318,7.3696
vascular-cells,6,mdTN,212,50,3.17,20.81,"(212, 50)",6.6661,3.7097,24.953
vascular-cells,7,mdTN,1333,52,3.17,20.81,"(1333, 50)",1.5235,1.565,9.4394
vascular-cells,8,mdTN,823,52,3.17,20.81,"(823, 50)",6.5269,4.3242,22.0785
vascular-cells,9,mdTN,390,49,3.18,20.81,"(390, 50)",5.3746,3.702,17.4272
vascular-cells,11,mdTN,3450,51,3.17,20.81,"(3450, 50)",1.0888,0.7634,8.4436
vascular-cells,12,mdTN,918,51,3.18,20.81,"(918, 50)",2.5018,2.1753,12.3593
vascular-cells,13,mdTN,1302,51,3.17,20.81,"(1302, 50)",3.8448,3.7057,16.7368
vascular-cells,14,mdTN,1343,51,3.17,20.81,"(1343, 50)",2.4194,2.7892,15.2952
vascular-cells,15,mdTN,374,50,3.17,20.81,"(374, 50)",0.8097,0.7434,7.1935
vascular-cells,16,mdTN,456,50,3.17,20.81,"(456, 50)",5.5093,2.9122,16.7946
vascular-cells,17,mdTN,2256,51,3.17,20.81,"(2256, 50)",1.1959,1.5664,10.9842
vascular-cells,18,mdTN,627,52,3.17,20.81,"(627, 50)",2.9724,3.2256,19.8861
vascular-cells,19,mdTN,747,50,3.18,20.81,"(747, 50)",2.3116,2.7781,13.0388
