animal_id,age,louvain,region,neighbor_mean_age,neighbor_age_zscore
6O7,6.03,20,HIP,10.573,0.62254083
3E4,11.99,20,HIP,9.533999,-0.0947453
8M0,8.12,20,HIP,8.387,-0.8979377
2Q0,3.21,20,HIP,8.144,-1.1031489
2S6,3.17,20,HIP,8.610999,-0.7260434
0B9,12.11,20,HIP,11.981999,1.3880311
1V8,4.31,20,HIP,10.774,0.82088757
3D1,13.11,20,HIP,10.870999,0.91290635
3E4,11.99,20,HIP,10.688,0.75414675
37V,15.07,20,HIP,11.683001,1.4635432
8B3,13.09,20,HIP,10.542,0.61774164
91O,15.86,20,HIP,10.733999,0.56749094
3D1,13.11,20,HIP,8.227,-1.1437473
2T2,4.09,20,HIP,11.795,1.3324527
98V,16.03,20,HIP,12.705,1.7903602
1V8,4.31,20,HIP,10.006,0.16172178
2Q0,3.21,20,HIP,10.261,0.2656915
50P,15.59,20,HIP,10.908999,0.81393766
7F0,11.2,20,HIP,9.423,-0.20745352
82V,16.01,20,HIP,12.383,1.6851231
6O7,6.03,20,HIP,9.295,-0.26347122
97R,17.93,20,HIP,8.329,-0.6943394
2Q0,3.21,20,HIP,8.026,-1.2261962
2Q0,3.21,20,HIP,8.515,-0.7674236
8M0,8.12,20,HIP,7.8289995,-1.1064293
2S2,6.31,20,HIP,10.518,0.57161736
43N,17.0,20,HIP,7.69,-1.3610566
43N,17.0,20,HIP,12.072,1.6677498
0G3,9.1,20,HIP,10.394,0.63380814
0B9,12.11,20,HIP,8.1,-0.6677046
2S6,3.17,20,HIP,9.511,-0.0025754268
4Q6,3.22,20,HIP,7.903,-1.0621084
2T2,4.09,20,HIP,8.804,-0.53558564
0B9,12.11,20,HIP,9.989,0.13441339
2Q0,3.21,20,HIP,9.61,-0.16681664
37V,15.07,20,HIP,9.188,-0.24937758
2S2,6.31,20,HIP,8.716001,-0.71633244
50P,15.59,20,HIP,10.745,0.6150501
97R,17.93,20,HIP,9.912,0.3434288
82V,16.01,20,HIP,9.835,0.15993042
98V,16.03,20,HIP,8.878,-0.3954388
4Q6,3.22,20,HIP,11.117,1.0032912
74K,20.81,20,HIP,11.728,1.265017
98V,16.03,20,HIP,8.125,-1.067535
3D1,13.11,20,HIP,12.104,1.6689857
8I6,9.9,20,HIP,11.816,1.5689893
1G8,7.88,20,HIP,6.4779997,-1.8040335
77V,16.15,20,HIP,13.006,2.4408543
3D1,13.11,20,HIP,9.33,-0.0890984
50P,15.59,20,HIP,11.348,1.0849608
56K,19.93,20,HIP,11.734999,1.0993
4Q6,3.22,20,HIP,8.85,-0.5010685
2C6,14.03,20,HIP,13.847,2.6912372
3T5,5.12,20,HIP,8.967,-0.4699416
8H2,10.13,20,HIP,10.566,0.881516
0B9,12.11,20,HIP,8.833,-0.58360845
6D9,13.11,20,HIP,10.245,0.4514174
1P5,6.21,20,HIP,10.48,0.5498429
5H6,11.03,20,HIP,10.677,0.6632289
0G3,9.1,20,HIP,9.016001,-0.45197445
0B9,12.11,20,HIP,8.035,-1.0065982
8I6,9.9,20,HIP,5.1109996,-2.921423
4S3,3.18,20,HIP,10.519,0.62329143
4S3,3.18,20,HIP,7.259,-1.4776909
8C9,12.12,20,HIP,10.982,1.0307363
8C9,12.12,20,HIP,8.64,-0.60299736
8I6,9.9,20,HIP,7.8160005,-1.234337
2T6,5.18,20,HIP,7.8620005,-1.353999
82V,16.01,20,HIP,12.463,2.0558639
46Z,13.97,20,HIP,11.071,0.8901347
1V8,4.31,20,HIP,8.886,-0.68653727
56K,19.93,20,HIP,11.679,1.1763573
2Q0,3.21,20,HIP,10.245,0.35693452
3E4,11.99,20,HIP,6.621,-1.9173712
56R,14.95,20,HIP,10.422999,0.56834006
7M4,8.15,20,HIP,6.384,-2.2519634
0B9,12.11,20,HIP,8.254999,-0.92335427
8C9,12.12,20,HIP,13.727,2.7266068
8C9,12.12,20,HIP,7.6789994,-1.30385
0B9,12.11,20,HIP,12.830999,2.143332
2S6,3.17,20,HIP,9.226,-0.3024277
8B3,13.09,20,HIP,8.121,-0.9010801
2V1,4.3,20,HIP,10.966,0.8207785
7F0,11.2,20,HIP,11.203001,1.1187797
4Q6,3.22,20,HIP,8.445001,-0.9742981
77V,16.15,20,HIP,8.157001,-1.0484493
8C9,12.12,20,HIP,9.6970005,-0.025907809
8M0,8.12,20,HIP,8.167,-0.92222685
2F2,11.04,20,HIP,7.3739996,-1.4299245
46Z,13.97,20,HIP,10.523001,0.48925856
56K,19.93,20,HIP,10.795,0.6531493
5H6,11.03,20,HIP,8.339,-0.9125588
1P5,6.21,20,HIP,12.175,1.7157423
77V,16.15,20,HIP,5.974,-2.6206048
46Z,13.97,20,HIP,11.279,0.91041595
4Q6,3.22,20,HIP,8.507999,-0.9445123
1L1,8.17,20,HIP,9.901,0.08867238
82V,16.01,20,HIP,10.313,0.2521563
2C6,14.03,20,HIP,6.3739996,-2.253235
3K1,9.01,20,HIP,8.617,-0.7207502
1P5,6.21,20,HIP,10.11,0.21536548
8I6,9.9,20,HIP,12.408999,1.934386
0G3,9.1,20,HIP,9.503,-0.14826374
0B9,12.11,20,HIP,10.678999,0.6543994
4J6,7.15,20,HIP,9.484001,-0.19370906
2S2,6.31,20,HIP,11.305,1.1957945
3D1,13.11,20,HIP,7.266,-1.7219874
1G8,7.88,20,HIP,9.485,-0.1662893
1P5,6.21,20,HIP,10.121,0.37084782
7M4,8.15,20,HIP,8.8220005,-0.2961802
4J6,7.15,20,HIP,10.411001,0.46186727
7F0,11.2,20,HIP,9.801001,0.13930652
1T9,4.11,20,HIP,13.0529995,2.2660823
1P5,6.21,20,HIP,7.364,-1.4589047
8C9,12.12,20,HIP,9.200001,-0.44701952
8B3,13.09,20,HIP,9.818999,-0.017301144
46Z,13.97,20,HIP,10.179999,0.19449586
6L4,8.2,20,HIP,8.819,-0.5888398
74K,20.81,20,HIP,6.4339995,-2.0645468
4Q6,3.22,20,HIP,11.921,1.6553497
3R7,3.32,20,HIP,10.547001,0.6472483
3E4,11.99,20,HIP,7.6369996,-1.2663828
42T,15.96,20,HIP,11.583,1.2639976
2Q0,3.21,20,HIP,10.021,0.2980227
2S6,3.17,20,HIP,9.257,-0.257814
5R4,6.25,20,HIP,11.287,1.2605084
6O7,6.03,20,HIP,10.142,0.30687928
1V8,4.31,20,HIP,7.736,-1.1651318
8I6,9.9,20,HIP,11.043,1.1227647
2Q0,3.21,20,HIP,8.921999,-0.35385767
6O7,6.03,20,HIP,9.345,-0.100121394
8C9,12.12,20,HIP,10.407,0.5203564
4Q6,3.22,20,HIP,11.969,1.2031107
8M0,8.12,20,HIP,5.7419996,-2.5392606
4J6,7.15,20,HIP,10.141999,0.40864334
74K,20.81,20,HIP,9.2,-0.37165993
7F0,11.2,20,HIP,9.327,-0.06335552
6O7,6.03,20,HIP,10.411,0.64319724
55R,14.97,20,HIP,13.127001,2.293295
4Q6,3.22,20,HIP,10.191,0.39578635
3R7,3.32,20,HIP,6.0480003,-2.0709717
2V1,4.3,20,HIP,7.8459997,-1.5095333
5R4,6.25,20,HIP,11.481001,1.5577561
42T,15.96,20,HIP,11.676001,1.031878
1L1,8.17,20,HIP,11.583,1.1597247
3E4,11.99,20,HIP,9.7300005,0.10727896
3D1,13.11,20,HIP,11.128,0.8777109
8I6,9.9,20,HIP,10.556,0.6169049
2Q0,3.21,20,HIP,10.203,0.41407007
4S3,3.18,20,HIP,8.458,-0.7235378
6L4,8.2,20,HIP,7.8619995,-1.3578671
3E4,11.99,20,HIP,9.374,-0.29796448
5R4,6.25,20,HIP,10.647,0.71817034
0G3,9.1,20,HIP,8.507001,-0.81089056
8I6,9.9,20,HIP,8.769,-0.478476
6O7,6.03,20,HIP,8.226999,-0.7517186
3T5,5.12,20,HIP,9.401,-0.19543383
7M4,8.15,20,HIP,8.666,-0.5806734
2Q0,3.21,20,HIP,6.252,-2.3790858
2S6,3.17,20,HIP,10.742,0.89763224
3T5,5.12,20,HIP,10.501,0.64365554
5H6,11.03,20,HIP,10.516,0.6299562
0B9,12.11,20,HIP,9.118,-0.3304784
1T9,4.11,20,HIP,10.853999,0.89361167
8I6,9.9,20,HIP,8.393,-0.9364395
2S6,3.17,20,HIP,10.379,0.391336
56R,14.95,20,HIP,10.015,0.2942801
1P5,6.21,20,HIP,7.1520004,-1.650149
1T9,4.11,20,HIP,12.361,1.7981565
2F2,11.04,20,HIP,8.392,-0.72802263
8B3,13.09,20,HIP,10.059999,0.18741153
2V1,4.3,20,HIP,9.3689995,-0.31461802
0G3,9.1,20,HIP,10.952001,0.9385884
6O7,6.03,20,HIP,7.7700005,-1.1528845
2S6,3.17,20,HIP,9.208,-0.32532156
2F2,11.04,20,HIP,7.0549994,-1.6655527
7M4,8.15,20,HIP,12.531,1.9208876
2S6,3.17,20,HIP,11.559999,1.1558267
50P,15.59,20,HIP,13.089999,2.3036423
1L1,8.17,20,HIP,10.198,0.53755647
1P5,6.21,20,HIP,12.1,1.3527935
55R,14.97,20,HIP,9.335001,-0.16139694
5R4,6.25,20,HIP,10.679999,0.7126155
2Q0,3.21,20,HIP,8.995,-0.20671044
3R7,3.32,20,HIP,9.893,0.08273868
82V,16.01,20,HIP,8.615,-0.696827
43N,17.0,20,HIP,10.738,0.67228216
42T,15.96,20,HIP,11.063001,1.0146632
5H6,11.03,20,HIP,10.488001,0.6929622
1V8,4.31,20,HIP,8.494,-0.5723145
56K,19.93,20,HIP,8.637,-0.5839088
6O7,6.03,20,HIP,11.1970005,1.1618793
2T2,4.09,20,HIP,12.287001,2.1311333
4J6,7.15,20,HIP,11.2960005,0.97357
3R7,3.32,20,HIP,8.047999,-1.059951
50P,15.59,20,HIP,9.314,-0.09397735
1G8,7.88,20,HIP,10.530001,0.5244023
7F0,11.2,20,HIP,10.033,0.10714771
1P5,6.21,20,HIP,11.056001,0.95946085
2F2,11.04,20,HIP,8.732,-0.79249793
2S6,3.17,20,HIP,7.2580004,-1.4500455
4J6,7.15,20,HIP,10.305,0.5561229
8M0,8.12,20,HIP,6.5240006,-2.0356176
3R7,3.32,20,HIP,10.238,0.28657508
37V,15.07,20,HIP,9.610999,-0.23275079
2F2,11.04,20,HIP,9.4939995,-0.043548137
56K,19.93,20,HIP,10.701,0.81800425
4J6,7.15,20,HIP,8.823999,-0.44449
4J6,7.15,20,HIP,10.433001,0.5435788
1P5,6.21,20,HIP,11.012,0.9531195
0B9,12.11,20,HIP,9.212,-0.27550864
42T,15.96,20,HIP,9.701,0.13956445
8I6,9.9,20,HIP,7.2599998,-1.461199
3R7,3.32,20,HIP,8.979,-0.4823648
3D1,13.11,20,HIP,8.847,-0.48252922
2F2,11.04,20,HIP,7.7769995,-1.377475
7F0,11.2,20,HIP,9.148,-0.28025377
8M0,8.12,20,HIP,10.693999,0.76558405
2S2,6.31,20,HIP,10.344999,0.52458423
56R,14.95,20,HIP,11.346,1.3057646
82V,16.01,20,HIP,10.172,0.22760926
56K,19.93,20,HIP,11.175,0.97881746
46Z,13.97,20,HIP,11.358,1.0174075
4S3,3.18,20,HIP,8.899,-0.5460082
3R7,3.32,20,HIP,9.255,-0.37493902
1G8,7.88,20,HIP,11.009,1.0306059
0G3,9.1,20,HIP,7.7790003,-1.2315122
6O7,6.03,20,HIP,10.167001,0.26202402
6L4,8.2,20,HIP,12.584002,1.9620956
55R,14.97,20,HIP,12.101999,1.5669378
8I6,9.9,20,HIP,7.2599998,-1.4880072
3K1,9.01,20,HIP,8.856,-0.5266962
1G8,7.88,20,HIP,10.353,0.35988295
8C9,12.12,20,HIP,11.6589985,1.3040633
4S3,3.18,20,HIP,9.779,0.071650766
77V,16.15,20,HIP,7.3599997,-1.7964376
43N,17.0,20,HIP,7.6839995,-1.6335542
3E4,11.99,20,HIP,10.231999,0.37678012
3D1,13.11,20,HIP,8.256999,-1.0287501
3R7,3.32,20,HIP,6.907,-1.6612182
4J6,7.15,20,HIP,9.344999,-0.2631482
82V,16.01,20,HIP,6.828,-2.059088
1T9,4.11,20,HIP,7.9110003,-1.0135659
8C9,12.12,20,HIP,9.073999,-0.35370612
4J6,7.15,20,HIP,9.342,-0.36187524
1T9,4.11,20,HIP,12.031,1.3697067
2T2,4.09,20,HIP,9.848001,0.11479898
3E4,11.99,20,HIP,9.311999,-0.05815265
1P5,6.21,20,HIP,9.548,0.031678934
8I6,9.9,20,HIP,9.453,-0.14533128
6O7,6.03,20,HIP,11.987,1.4161782
3E4,11.99,20,HIP,11.660999,1.2959734
1P5,6.21,20,HIP,9.628,-0.020790761
7F0,11.2,20,HIP,10.44,0.41096368
8M0,8.12,20,HIP,10.924002,0.8372094
98V,16.03,20,HIP,9.386999,-0.12192267
2F2,11.04,20,HIP,9.552,-0.04630202
2T2,4.09,20,HIP,7.324,-1.250472
2S6,3.17,20,HIP,8.726999,-0.5641452
8H2,10.13,20,HIP,9.732,0.064555734
42T,15.96,20,HIP,8.651,-0.7903503
3R7,3.32,20,HIP,11.537,1.1548685
1V8,4.31,20,HIP,8.821001,-0.5659275
2V1,4.3,20,HIP,10.518001,0.6108142
82V,16.01,20,HIP,8.823,-0.47509524
3E4,11.99,20,HIP,8.22,-1.0522496
42T,15.96,20,HIP,10.242,0.4933333
4S3,3.18,20,HIP,9.249,-0.3478649
6L4,8.2,20,HIP,9.879,0.04526349
2T2,4.09,20,HIP,10.771,0.70310736
4Q6,3.22,20,HIP,8.314,-0.5979742
1T9,4.11,20,HIP,10.305,0.49858874
1P5,6.21,20,HIP,7.4460006,-1.6286002
37V,15.07,20,HIP,10.923999,0.8415984
1L1,8.17,20,HIP,8.404,-0.8566554
82V,16.01,20,HIP,10.179999,0.42870256
0B9,12.11,20,HIP,13.616,2.5809083
1T9,4.11,20,HIP,8.024,-0.948497
2Q0,3.21,20,HIP,7.2950006,-1.2907414
3K1,9.01,20,HIP,6.954,-1.7103277
2V1,4.3,20,HIP,6.6260004,-1.9366748
0G3,9.1,20,HIP,10.41,0.41358688
1G8,7.88,20,HIP,12.789,1.9933364
6O7,6.03,20,HIP,11.103,0.9618162
3D1,13.11,20,HIP,10.908,0.71123
74K,20.81,20,HIP,14.022,2.835239
50P,15.59,20,HIP,12.171999,1.3697498
2V1,4.3,20,HIP,9.823,-0.069503576
6O7,6.03,20,HIP,9.882,0.26201388
77V,16.15,20,HIP,9.726999,0.032066427
1T9,4.11,20,HIP,10.932001,0.7717678
3E4,11.99,20,HIP,11.429999,1.1409333
2S6,3.17,20,HIP,9.875999,0.30270106
8M0,8.12,20,HIP,11.028,0.7089089
42T,15.96,20,HIP,10.094,0.4545918
4S3,3.18,20,HIP,6.5170007,-1.8073475
1G8,7.88,20,HIP,10.942,0.5888864
2V1,4.3,20,HIP,9.691,0.01180475
0G3,9.1,20,HIP,10.085,0.3918118
7M4,8.15,20,HIP,7.2899995,-1.6711429
97R,17.93,20,HIP,9.915,0.08847696
50P,15.59,20,HIP,11.705,1.5607585
43N,17.0,20,HIP,8.669001,-0.609047
7M4,8.15,20,HIP,7.738,-1.26558
2T6,5.18,20,HIP,8.819,-0.6119325
4Q6,3.22,20,HIP,10.6119995,0.7814063
4J6,7.15,20,HIP,9.791999,0.063378066
0G3,9.1,20,HIP,10.48,0.5292246
0G3,9.1,20,HIP,7.646,-1.3356893
6O7,6.03,20,HIP,7.877,-1.2041761
2S6,3.17,20,HIP,9.8220005,0.058781072
37V,15.07,20,HIP,10.6970005,0.79073495
3D1,13.11,20,HIP,7.739,-1.227258
2T6,5.18,20,HIP,10.558001,0.5328359
1T9,4.11,20,HIP,8.238,-0.8730484
3T5,5.12,20,HIP,9.234,-0.34364995
0G3,9.1,20,HIP,7.421,-1.4661609
3T5,5.12,20,HIP,9.554,0.03840244
31S,17.0,20,HIP,10.358,0.5624434
0B9,12.11,20,HIP,9.185,-0.44397482
6O7,6.03,20,HIP,8.64,-0.9978839
37V,15.07,20,HIP,9.127999,-0.44362542
0B9,12.11,20,HIP,11.934,1.6785253
50P,15.59,20,HIP,10.315,0.3291539
1T9,4.11,20,HIP,6.7840004,-1.991794
2V1,4.3,20,HIP,7.5430007,-1.5002778
2S6,3.17,20,HIP,8.097,-0.8667063
37V,15.07,20,HIP,8.785,-0.428579
2V1,4.3,20,HIP,8.772,-0.632428
8C9,12.12,20,HIP,11.848,1.5785002
1T9,4.11,20,HIP,7.2670007,-1.45849
4Q6,3.22,20,HIP,8.138,-0.80185133
77V,16.15,20,HIP,8.821,-0.55311596
4S3,3.18,20,HIP,9.971,0.2233772
55R,14.97,20,HIP,13.073999,2.1055646
1L1,8.17,20,HIP,10.705,0.7405549
2V1,4.3,20,HIP,10.598,0.53456783
4S3,3.18,20,HIP,9.033999,-0.3754625
98V,16.03,20,HIP,9.730001,0.028783709
8I6,9.9,20,HIP,10.172999,0.3097405
46Z,13.97,20,HIP,9.953001,0.2094796
8C9,12.12,20,HIP,7.5869994,-1.2384953
2S6,3.17,20,HIP,7.5550003,-1.131027
3R7,3.32,20,HIP,10.498,0.80840796
56R,14.95,20,HIP,11.551001,1.2071396
46Z,13.97,20,HIP,10.346001,0.54851747
4J6,7.15,20,HIP,8.944,-0.41130325
0G3,9.1,20,HIP,9.414,-0.13975725
2C6,14.03,20,HIP,11.961999,1.398913
2T6,5.18,20,HIP,8.981999,-0.29363388
7F0,11.2,20,HIP,10.166,0.30334774
43N,17.0,20,HIP,9.335001,-0.151538
3D1,13.11,20,HIP,7.884,-1.1719066
42T,15.96,20,HIP,9.7960005,0.06780983
0G3,9.1,20,HIP,7.139,-1.6384126
0B9,12.11,20,HIP,10.686001,0.5909367
8C9,12.12,20,HIP,9.669001,0.060971208
1P5,6.21,20,HIP,8.917,-0.31188014
1G8,7.88,20,HIP,9.848,0.2062268
2T6,5.18,20,HIP,9.123,-0.3021498
2T2,4.09,20,HIP,6.66,-1.9186884
1L1,8.17,20,HIP,8.208001,-0.8406846
43N,17.0,20,HIP,10.044001,0.11174683
3R7,3.32,20,HIP,9.804,0.2410584
3T5,5.12,20,HIP,9.190001,-0.28052235
5R4,6.25,20,HIP,10.219,0.31820494
7M4,8.15,20,HIP,11.278,1.1085144
37V,15.07,20,HIP,10.779,0.72252405
56K,19.93,20,HIP,12.667002,1.7386638
1P5,6.21,20,HIP,9.746,0.101831175
8M0,8.12,20,HIP,7.315,-1.528023
2S6,3.17,20,HIP,5.796,-2.311331
7M4,8.15,20,HIP,10.270999,0.05602904
6O7,6.03,20,HIP,10.546,0.6520423
31S,17.0,20,HIP,8.323999,-0.95180297
97R,17.93,20,HIP,9.039,-0.53150296
1L1,8.17,20,HIP,10.664,0.7641194
1P5,6.21,20,HIP,8.48,-0.8075185
2T2,4.09,20,HIP,9.915999,0.5079966
2F2,11.04,20,HIP,7.6309996,-1.2520069
31S,17.0,20,HIP,9.992,0.44808787
0B9,12.11,20,HIP,11.250001,0.9597709
3D1,13.11,20,HIP,11.084002,0.8013293
77V,16.15,20,HIP,10.005,0.4989977
2S6,3.17,20,HIP,8.58,-0.6397306
0B9,12.11,20,HIP,11.004,0.8967446
56R,14.95,20,HIP,10.327,0.31515393
7M4,8.15,20,HIP,8.063001,-1.1194429
8C9,12.12,20,HIP,10.431001,0.6540264
4J6,7.15,20,HIP,10.129,0.23500074
82V,16.01,20,HIP,7.47,-1.3475864
3E4,11.99,20,HIP,8.719999,-0.8327699
2Q0,3.21,20,HIP,6.9940004,-1.5044023
6L4,8.2,20,HIP,9.166,-0.2575886
1T9,4.11,20,HIP,7.057,-1.6472414
37V,15.07,20,HIP,8.723,-0.54727846
42T,15.96,20,HIP,8.809999,-0.53150034
2V1,4.3,20,HIP,10.15,0.27580267
77V,16.15,20,HIP,8.473,-0.8098152
7M4,8.15,20,HIP,10.8880005,0.983826
2V1,4.3,20,HIP,7.7909994,-1.003273
2S6,3.17,20,HIP,9.677,-0.012024264
97R,17.93,20,HIP,8.738001,-0.6292394
1P5,6.21,20,HIP,7.6150002,-1.5254391
2Q0,3.21,20,HIP,10.671,0.75976247
4S3,3.18,20,HIP,10.655,0.61020523
97R,17.93,20,HIP,9.205,-0.4659523
2S6,3.17,20,HIP,5.572,-2.6148047
50P,15.59,20,HIP,10.892,0.8190165
42T,15.96,20,HIP,8.900999,-0.37344182
56K,19.93,20,HIP,10.125,0.3988287
55R,14.97,20,HIP,7.893,-1.1177077
3K1,9.01,20,HIP,10.414,0.5946056
2S6,3.17,20,HIP,11.621,1.2492256
2T2,4.09,20,HIP,10.047999,0.06526306
2T2,4.09,20,HIP,7.6549997,-1.1299635
2V1,4.3,20,HIP,7.2370005,-2.047866
8M0,8.12,20,HIP,6.164,-2.124291
7F0,11.2,20,HIP,9.938,0.18047254
42T,15.96,20,HIP,8.481999,-0.8762422
3E4,11.99,20,HIP,7.2419996,-1.6323822
82V,16.01,20,HIP,7.6400003,-1.3032887
82V,16.01,20,HIP,9.314,-0.22373201
4S3,3.18,20,HIP,9.327001,-0.27050948
77V,16.15,20,HIP,6.884,-1.9898255
56R,14.95,20,HIP,13.0,2.0590427
56K,19.93,20,HIP,10.210001,0.18996021
43N,17.0,20,HIP,5.769,-2.628762
2Q0,3.21,20,HIP,9.313001,-0.19680054
3R7,3.32,20,HIP,12.239,1.8439037
43N,17.0,20,HIP,10.49,0.55738974
1P5,6.21,20,HIP,8.392,-0.8253383
2V1,4.3,20,HIP,9.036,-0.20356067
37V,15.07,20,HIP,10.344999,0.2732929
2S2,6.31,20,HIP,8.041,-0.88327086
8B3,13.09,20,HIP,11.9019985,1.744691
7F0,11.2,20,HIP,10.332,0.47257546
8H2,10.13,20,HIP,8.769,-0.63546723
2S6,3.17,20,HIP,11.985001,1.6496145
7M4,8.15,20,HIP,11.184,0.9689803
2S6,3.17,20,HIP,8.629,-0.7814392
7M4,8.15,20,HIP,10.379999,0.4247767
46Z,13.97,20,HIP,8.184,-0.87166035
3T5,5.12,20,HIP,10.382,0.44456792
6L4,8.2,20,HIP,7.6029997,-1.4146446
2V1,4.3,20,HIP,10.178,0.6369716
56K,19.93,20,HIP,9.679999,0.17076309
3D1,13.11,20,HIP,10.2369995,0.37027124
8B3,13.09,20,HIP,12.279001,1.7462966
4Q6,3.22,20,HIP,11.2560005,0.9894311
3T5,5.12,20,HIP,8.312,-1.0455029
2Q0,3.21,20,HIP,8.601,-0.790308
8I6,9.9,20,HIP,10.357,0.49732915
6D9,13.11,20,HIP,11.827001,1.4951297
1G8,7.88,20,HIP,8.4279995,-0.8452718
6D9,13.11,20,HIP,10.492,0.4367379
2V1,4.3,20,HIP,11.296999,0.9510284
37V,15.07,20,HIP,7.1610003,-1.5184937
4Q6,3.22,20,HIP,8.398001,-0.63194215
8I6,9.9,20,HIP,11.62,1.3450519
8H2,10.13,20,HIP,11.393999,1.3619761
8M0,8.12,20,HIP,10.233,0.35640714
1P5,6.21,20,HIP,8.509999,-0.69090015
2Q0,3.21,20,HIP,7.2520003,-1.9468104
2T2,4.09,20,HIP,9.345999,-0.23959006
6O7,6.03,20,HIP,9.969,0.30730662
6O7,6.03,20,HIP,10.709002,0.63996416
8I6,9.9,20,HIP,9.240999,-0.22594595
77V,16.15,20,HIP,7.6369996,-1.2155215
7F0,11.2,20,HIP,8.6970005,-0.5389912
2S6,3.17,20,HIP,9.498,-0.08051029
7F0,11.2,20,HIP,9.788,0.08224575
4J6,7.15,20,HIP,8.978,-0.4538939
8C9,12.12,20,HIP,9.030001,-0.41065252
8M0,8.12,20,HIP,7.146,-1.5184177
4J6,7.15,20,HIP,8.047,-1.1470187
4S3,3.18,20,HIP,8.537001,-0.65464234
2V1,4.3,20,HIP,8.827001,-0.34813204
43N,17.0,20,HIP,8.383,-0.81261855
5R4,6.25,20,HIP,12.087001,1.5570214
7M4,8.15,20,HIP,9.0720005,-0.24546051
42T,15.96,20,HIP,10.871,0.91508365
77V,16.15,20,HIP,9.504,0.14634466
3E4,11.99,20,HIP,13.039999,2.2609124
1T9,4.11,20,HIP,12.071001,1.5201551
1P5,6.21,20,HIP,10.798,0.86710197
56R,14.95,20,HIP,10.951,0.70643014
5H6,11.03,20,HIP,11.823999,1.1263307
82V,16.01,20,HIP,10.52,0.5667409
8M0,8.12,20,HIP,9.028,-0.53327084
74K,20.81,20,HIP,9.608001,-0.22087775
5R4,6.25,20,HIP,10.114,0.34839112
6O7,6.03,20,HIP,8.816999,-0.53518635
8I6,9.9,20,HIP,8.86,-0.45831847
2S6,3.17,20,HIP,8.67,-0.61710757
4S3,3.18,20,HIP,11.147,1.1605432
2S6,3.17,20,HIP,8.44,-0.75367373
46Z,13.97,20,HIP,8.339999,-0.92529964
5H6,11.03,20,HIP,9.003,-0.19292025
8C9,12.12,20,HIP,8.789,-0.4221164
1P5,6.21,20,HIP,10.917,0.9450501
2C6,14.03,20,HIP,9.382,-0.025306534
0B9,12.11,20,HIP,8.948,-0.36201084
8H2,10.13,20,HIP,8.705999,-0.55173635
1P5,6.21,20,HIP,9.632,-0.048653286
2Q0,3.21,20,HIP,8.903001,-0.4871533
2S6,3.17,20,HIP,9.017,-0.24598862
77V,16.15,20,HIP,6.447,-2.1838262
0G3,9.1,20,HIP,9.483999,-0.11249754
1T9,4.11,20,HIP,9.016,-0.5216714
6O7,6.03,20,HIP,7.713,-1.3047341
8I6,9.9,20,HIP,8.135,-1.0848383
3T5,5.12,20,HIP,10.075,0.1902636
8M0,8.12,20,HIP,10.268,0.2354427
37V,15.07,20,HIP,8.628,-0.7725615
2T2,4.09,20,HIP,8.775999,-0.6482288
46Z,13.97,20,HIP,9.8619995,0.15395594
8I6,9.9,20,HIP,7.7139997,-1.0734357
1P5,6.21,20,HIP,12.489,1.9279685
8I6,9.9,20,HIP,9.077001,-0.46223864
2V1,4.3,20,HIP,9.559999,-0.24948132
4S3,3.18,20,HIP,9.829,0.09091166
8B3,13.09,20,HIP,8.127,-0.9171198
0B9,12.11,20,HIP,10.604001,0.7018121
2S6,3.17,20,HIP,10.092,0.28361252
77V,16.15,20,HIP,9.125,-0.42953178
82V,16.01,20,HIP,8.684999,-0.58246744
2F2,11.04,20,HIP,8.814,-0.3414987
8C9,12.12,20,HIP,9.146001,-0.36250636
43N,17.0,20,HIP,8.278999,-0.9917151
2V1,4.3,20,HIP,9.212999,-0.28627312
74K,20.81,20,HIP,12.792,2.0500574
98V,16.03,20,HIP,8.492,-0.8634338
7M4,8.15,20,HIP,9.215,-0.35722122
43N,17.0,20,HIP,10.673,0.59049904
8C9,12.12,20,HIP,6.856,-2.041103
8I6,9.9,20,HIP,11.544001,1.285971
5H6,11.03,20,HIP,8.829,-0.46846753
3R7,3.32,20,HIP,8.226,-0.8226826
1G8,7.88,20,HIP,10.573999,0.6538265
0B9,12.11,20,HIP,11.540999,1.1610377
2C6,14.03,20,HIP,9.196,-0.36770305
77V,16.15,20,HIP,7.912,-1.3090156
97R,17.93,20,HIP,9.827,0.107631564
91O,15.86,20,HIP,12.734,1.9568621
8M0,8.12,20,HIP,9.455999,-0.1574679
2T2,4.09,20,HIP,10.021999,0.28202298
0B9,12.11,20,HIP,10.051001,0.2934135
46Z,13.97,20,HIP,8.023001,-0.9165495
8I6,9.9,20,HIP,9.204,-0.26961598
2S6,3.17,20,HIP,11.552,1.188622
42T,15.96,20,HIP,11.367,1.2628973
6O7,6.03,20,HIP,7.0799994,-1.8011134
8I6,9.9,20,HIP,8.58,-0.7563067
2S6,3.17,20,HIP,6.062,-2.4043813
2S6,3.17,20,HIP,9.212001,-0.37200257
2F2,11.04,20,HIP,14.2699995,3.1972706
4Q6,3.22,20,HIP,12.669001,1.9692236
82V,16.01,20,HIP,9.145,-0.43498835
3E4,11.99,20,HIP,8.407,-0.73680377
8C9,12.12,20,HIP,11.066,0.881513
1G8,7.88,20,HIP,12.282999,1.6720254
46Z,13.97,20,HIP,7.332,-1.6337076
77V,16.15,20,HIP,8.615999,-0.48862907
56R,14.95,20,HIP,13.511999,2.731444
0B9,12.11,20,HIP,7.799,-1.0953182
2S6,3.17,20,HIP,7.9519997,-1.3441373
46Z,13.97,20,HIP,10.328,0.3767463
5R4,6.25,20,HIP,10.327,0.5207954
46Z,13.97,20,HIP,11.41,1.075657
82V,16.01,20,HIP,10.775,0.82835007
2Q0,3.21,20,HIP,8.238,-0.6598019
8M0,8.12,20,HIP,8.118,-0.96842307
56R,14.95,20,HIP,10.608999,0.5928091
2I1,10.27,20,HIP,7.746,-1.1506301
31S,17.0,20,HIP,12.5529995,1.9763447
5H6,11.03,20,HIP,7.1439996,-1.6780541
41N,16.74,20,HIP,12.989001,2.0505128
0B9,12.11,20,HIP,10.199,0.3917125
6O7,6.03,20,HIP,8.04,-0.9485861
3R7,3.32,20,HIP,10.395999,0.27660212
5R4,6.25,20,HIP,11.384001,1.0805566
7M4,8.15,20,HIP,11.111,0.75841683
4S3,3.18,20,HIP,9.592,-0.031072764
7F0,11.2,20,HIP,7.3380003,-1.6369071
46Z,13.97,20,HIP,7.7739997,-1.1766589
56K,19.93,20,HIP,9.226999,-0.14817551
0B9,12.11,20,HIP,9.055,-0.43511704
8I6,9.9,20,HIP,8.642,-0.62597686
3D1,13.11,20,HIP,10.054999,0.31461683
46Z,13.97,20,HIP,11.236,1.0315024
7F0,11.2,20,HIP,8.3220005,-0.93308747
3E4,11.99,20,HIP,12.228,1.591468
4S3,3.18,20,HIP,10.032001,0.20659365
8M0,8.12,20,HIP,8.228,-0.6661019
3E4,11.99,20,HIP,9.988,0.1901045
2Q0,3.21,20,HIP,6.9089994,-1.6823832
0B9,12.11,20,HIP,10.942999,0.9205282
1G8,7.88,20,HIP,7.62,-1.3044306
2V1,4.3,20,HIP,13.442999,2.7296033
7F0,11.2,20,HIP,8.592001,-0.7667538
37V,15.07,20,HIP,9.598001,-0.012343028
55R,14.97,20,HIP,10.5,0.5418622
98V,16.03,20,HIP,10.523001,0.62144876
2I1,10.27,20,HIP,11.507999,1.2388564
2I1,10.27,20,HIP,8.136,-0.7247068
0G3,9.1,20,HIP,5.364,-2.4203737
8M0,8.12,20,HIP,9.96,0.1704865
97R,17.93,20,HIP,9.698999,-0.049254887
6O7,6.03,20,HIP,11.99,1.4404521
8M0,8.12,20,HIP,7.232,-1.6565001
7M4,8.15,20,HIP,9.948,0.21489033
8C9,12.12,20,HIP,9.622,-0.043115832
2Q0,3.21,20,HIP,6.153,-2.2715333
2S2,6.31,20,HIP,14.497999,3.1207638
2V1,4.3,20,HIP,11.622,1.0817475
7F0,11.2,20,HIP,7.22,-1.783247
2Q0,3.21,20,HIP,6.629,-2.2867937
4J6,7.15,20,HIP,11.951,1.6928655
56K,19.93,20,HIP,9.328,-0.17665817
98V,16.03,20,HIP,9.12,-0.5328797
0G3,9.1,20,HIP,10.414999,0.47399494
2Q0,3.21,20,HIP,10.292,0.4962302
2V1,4.3,20,HIP,10.466,0.374777
8I6,9.9,20,HIP,12.639,2.124961
7M4,8.15,20,HIP,11.745,1.5181239
3K1,9.01,20,HIP,11.6970005,1.4071813
0B9,12.11,20,HIP,10.57,0.5232587
3E4,11.99,20,HIP,9.394,-0.2929202
6L4,8.2,20,HIP,9.379999,-0.10666029
2S6,3.17,20,HIP,9.457,-0.11318571
3T5,5.12,20,HIP,7.429,-1.5473584
2I1,10.27,20,HIP,8.416,-0.877392
56K,19.93,20,HIP,8.817999,-0.66679525
8I6,9.9,20,HIP,7.672,-1.3376259
2S6,3.17,20,HIP,8.354001,-0.72655076
3R7,3.32,20,HIP,10.936999,0.8072167
5R4,6.25,20,HIP,7.7650003,-1.3771441
82V,16.01,20,HIP,8.225,-0.75592893
0B9,12.11,20,HIP,7.623999,-1.4238255
8I6,9.9,20,HIP,10.589,0.47727764
2S6,3.17,20,HIP,8.413,-0.6596651
55R,14.97,20,HIP,12.575999,1.8392161
2T2,4.09,20,HIP,11.29,0.9723223
3T5,5.12,20,HIP,10.851999,0.8422178
8H2,10.13,20,HIP,9.753,0.27899313
82V,16.01,20,HIP,10.433001,0.55939144
4S3,3.18,20,HIP,10.475,0.68469995
8M0,8.12,20,HIP,7.391,-1.2873702
6L4,8.2,20,HIP,8.304,-0.70480084
2C6,14.03,20,HIP,10.008001,0.2298891
2Q0,3.21,20,HIP,9.393999,-0.33832726
6D9,13.11,20,HIP,8.7,-0.68991256
3D1,13.11,20,HIP,10.257999,0.33802205
8I6,9.9,20,HIP,10.378,0.5058816
2S2,6.31,20,HIP,8.286,-0.7956887
2T2,4.09,20,HIP,5.872,-2.2717273
2Q0,3.21,20,HIP,8.714,-0.56546813
56R,14.95,20,HIP,10.426,0.4750654
98V,16.03,20,HIP,9.038,-0.29323193
2S2,6.31,20,HIP,9.382999,-0.29933244
2S6,3.17,20,HIP,11.01,1.0794169
46Z,13.97,20,HIP,12.1640005,1.5754857
1P5,6.21,20,HIP,8.732,-0.7573397
3R7,3.32,20,HIP,8.297,-0.77009666
2S2,6.31,20,HIP,7.5100007,-1.1759585
2T2,4.09,20,HIP,8.502001,-0.7701202
4J6,7.15,20,HIP,9.962,0.18457234
7F0,11.2,20,HIP,8.767,-0.4530498
2Q0,3.21,20,HIP,8.497,-0.5006423
2S6,3.17,20,HIP,10.248,0.5324847
46Z,13.97,20,HIP,7.134,-1.5760454
6L4,8.2,20,HIP,10.286,0.32892844
0B9,12.11,20,HIP,8.864,-0.40361893
4S3,3.18,20,HIP,10.269,0.51088727
0B9,12.11,20,HIP,13.673001,2.4729385
1T9,4.11,20,HIP,8.136,-1.3525686
2Q0,3.21,20,HIP,8.103001,-1.1570992
98V,16.03,20,HIP,8.15,-1.0408393
77V,16.15,20,HIP,11.473,1.3001194
2T2,4.09,20,HIP,10.931001,0.8481602
2F2,11.04,20,HIP,9.158001,-0.35652432
50P,15.59,20,HIP,12.349001,1.5376195
3E4,11.99,20,HIP,9.405,-0.051169
8I6,9.9,20,HIP,7.915,-1.0388427
2S6,3.17,20,HIP,10.167999,0.24741036
5H6,11.03,20,HIP,8.64,-0.59844697
2S6,3.17,20,HIP,11.321,1.2024238
42T,15.96,20,HIP,7.537,-1.4015146
4Q6,3.22,20,HIP,10.688001,0.7075089
6O7,6.03,20,HIP,10.407,0.41742286
6L4,8.2,20,HIP,11.955,1.3102837
77V,16.15,20,HIP,11.753,1.7062148
3D1,13.11,20,HIP,10.346999,0.26888227
98V,16.03,20,HIP,10.473,0.47937003
7M4,8.15,20,HIP,10.828001,0.7205429
2V1,4.3,20,HIP,11.193,1.0366713
0B9,12.11,20,HIP,10.719999,0.5426264
31S,17.0,20,HIP,6.961,-1.774368
46Z,13.97,20,HIP,9.21,-0.23186854
82V,16.01,20,HIP,8.518,-0.9224917
6O7,6.03,20,HIP,8.03,-1.086073
7M4,8.15,20,HIP,8.429,-0.70456004
91O,15.86,20,HIP,9.331999,-0.28875175
2V1,4.3,20,HIP,7.8210006,-1.1873143
7F0,11.2,20,HIP,10.433001,0.37914103
6O7,6.03,20,HIP,8.982,-0.5462797
91O,15.86,20,HIP,10.09,0.28653878
46Z,13.97,20,HIP,9.122001,-0.17393263
8I6,9.9,20,HIP,11.488,1.3064679
2S6,3.17,20,HIP,8.629,-0.8086219
37V,15.07,20,HIP,7.301,-1.2838671
6O7,6.03,20,HIP,7.9059997,-0.9381435
1P5,6.21,20,HIP,7.3380003,-1.691159
4S3,3.18,20,HIP,9.965,0.12183569
98V,16.03,20,HIP,10.712,0.7338723
56K,19.93,20,HIP,11.085,0.881866
1T9,4.11,20,HIP,10.704,0.5824018
3D1,13.11,20,HIP,8.021,-1.1605996
8H2,10.13,20,HIP,11.139,0.8805952
97R,17.93,20,HIP,10.119,0.40869495
4Q6,3.22,20,HIP,8.524,-0.67888355
7F0,11.2,20,HIP,8.132999,-0.93040526
2C6,14.03,20,HIP,6.8670006,-1.7832966
5H6,11.03,20,HIP,9.979,0.21937212
50P,15.59,20,HIP,10.157,0.14662854
4Q6,3.22,20,HIP,10.688,0.53603923
2V1,4.3,20,HIP,8.645001,-0.66545886
8I6,9.9,20,HIP,9.52,0.11536394
8M0,8.12,20,HIP,10.465,0.5343707
3T5,5.12,20,HIP,10.294,0.53407913
74K,20.81,20,HIP,11.148001,0.9516672
3E4,11.99,20,HIP,11.191999,1.2144039
1P5,6.21,20,HIP,11.226999,0.9567512
5H6,11.03,20,HIP,8.801,-0.5879331
2V1,4.3,20,HIP,9.891,-0.004368255
2Q0,3.21,20,HIP,10.458,0.67069614
2S6,3.17,20,HIP,7.629,-1.3928574
1G8,7.88,20,HIP,8.150999,-0.81086445
2T2,4.09,20,HIP,9.351,0.020784592
50P,15.59,20,HIP,6.4639997,-2.2540927
7F0,11.2,20,HIP,10.593,0.5154091
3D1,13.11,20,HIP,10.316,0.4882786
2F2,11.04,20,HIP,9.588,-0.052449256
4Q6,3.22,20,HIP,8.798999,-0.5680758
8M0,8.12,20,HIP,6.7699995,-1.7005434
56K,19.93,20,HIP,11.753,1.4624943
2C6,14.03,20,HIP,10.608999,0.789958
8I6,9.9,20,HIP,12.14,1.3983283
8M0,8.12,20,HIP,11.017,0.927805
1G8,7.88,20,HIP,10.611,0.52339584
8H2,10.13,20,HIP,9.731,0.115611225
2T2,4.09,20,HIP,10.767,0.7794478
2I1,10.27,20,HIP,9.135,-0.37974483
2C6,14.03,20,HIP,8.205,-0.8877122
50P,15.59,20,HIP,6.7980003,-2.0936027
0B9,12.11,20,HIP,12.394,2.1359007
8C9,12.12,20,HIP,10.588999,0.57152957
2C6,14.03,20,HIP,9.84,-0.063376315
1P5,6.21,20,HIP,10.094,0.21894747
3R7,3.32,20,HIP,8.811,-0.5921766
2F2,11.04,20,HIP,8.504,-0.7107132
97R,17.93,20,HIP,11.321001,1.041625
2T2,4.09,20,HIP,10.379,0.5263787
41N,16.74,20,HIP,8.049001,-0.93949986
2T2,4.09,20,HIP,6.517999,-1.8451636
0G3,9.1,20,HIP,11.559,1.1211072
8C9,12.12,20,HIP,10.288,0.41716644
31S,17.0,20,HIP,9.867,0.4333139
2Q0,3.21,20,HIP,8.487,-0.77898693
1P5,6.21,20,HIP,8.500999,-0.6354188
2S6,3.17,20,HIP,9.756,0.15965635
56R,14.95,20,HIP,9.386,-0.1983139
4Q6,3.22,20,HIP,5.266,-2.5325181
2S6,3.17,20,HIP,6.682,-1.9106902
74K,20.81,20,HIP,7.7510004,-1.2291279
5H6,11.03,20,HIP,9.092001,-0.31163743
37V,15.07,20,HIP,8.290998,-0.8089521
46Z,13.97,20,HIP,9.337,-0.18083078
56K,19.93,20,HIP,7.7049994,-1.1480372
3D1,13.11,20,HIP,8.049002,-1.1875584
56R,14.95,20,HIP,10.1,0.14484884
43N,17.0,20,HIP,7.624999,-1.157118
2C6,14.03,20,HIP,7.942,-1.1959606
2V1,4.3,20,HIP,12.369,1.879745
2V1,4.3,20,HIP,10.4939995,0.48106715
2Q0,3.21,20,HIP,5.2799997,-2.7781496
2S2,6.31,20,HIP,9.383,-0.3566706
42T,15.96,20,HIP,11.778,1.3137082
37V,15.07,20,HIP,7.7,-1.3173728
3D1,13.11,20,HIP,10.881,0.8507235
2T2,4.09,20,HIP,12.055,1.6241661
43N,17.0,20,HIP,8.441,-0.667712
2S6,3.17,20,HIP,10.617,0.604031
0G3,9.1,20,HIP,11.0199995,0.88996047
4S3,3.18,20,HIP,9.397,-0.17010409
97R,17.93,20,HIP,8.406,-0.8632551
5H6,11.03,20,HIP,10.089999,0.3609129
8C9,12.12,20,HIP,10.443,0.64865845
0G3,9.1,20,HIP,7.3599997,-1.5038368
